zip_code,access_score,quality_score,insurance_score,healthcare_score
06390,0.0,36.37387387296452,91.8,32.90954954918581
10001,0.0,36.37387387296452,90.7,32.68954954918581
10002,0.0,36.37387387296452,81.0,30.749549549185808
10003,22.210994539877007,49.99999999875,92.0,47.2843978154508
10004,0.0,36.37387387296452,94.0,33.34954954918581
10005,0.0,36.37387387296452,93.2,33.18954954918581
10006,0.0,36.37387387296452,93.6,33.26954954918581
10007,0.0,36.37387387296452,90.8,32.70954954918581
10009,0.0,36.37387387296452,86.9,31.929549549185815
10010,0.0,36.37387387296452,92.1,32.96954954918581
10011,0.0,36.37387387296452,92.6,33.06954954918581
10012,0.0,36.37387387296452,92.0,32.94954954918581
10013,0.0,36.37387387296452,90.1,32.56954954918581
10014,0.0,36.37387387296452,93.9,33.32954954918581
10016,22.593915433447165,62.4999999984375,93.0,52.63756617275387
10017,0.0,36.37387387296452,93.4,33.22954954918581
10018,0.0,36.37387387296452,90.9,32.72954954918581
10019,17.595872325886,49.99999999875,91.5,45.338348929854405
10021,17.416323382171083,99.9999999975,93.9,65.74652935186845
10022,0.0,36.37387387296452,94.0,33.34954954918581
10023,0.0,36.37387387296452,93.4,33.22954954918581
10024,0.0,36.37387387296452,93.3,33.20954954918581
10025,0.0,36.37387387296452,89.5,32.44954954918581
10026,0.0,36.37387387296452,84.6,31.469549549185807
10027,0.0,36.37387387296452,85.0,31.549549549185812
10028,0.0,36.37387387296452,94.1,33.36954954918581
10029,18.851156527869446,24.999999999375,77.7,33.08046261089778
10030,0.0,36.37387387296452,82.5,31.049549549185812
10031,0.0,36.37387387296452,78.2,30.189549549185813
10032,0.0,36.37387387296452,75.9,29.729549549185812
10033,0.0,36.37387387296452,77.5,30.049549549185812
10034,0.0,36.37387387296452,76.4,29.829549549185813
10035,0.0,36.37387387296452,74.7,29.48954954918581
10036,0.0,36.37387387296452,90.8,32.70954954918581
10037,27.894862426078397,0.0,84.5,28.05794497043136
10038,0.0,36.37387387296452,88.3,32.20954954918581
10039,0.0,36.37387387296452,80.6,30.66954954918581
10040,0.0,36.37387387296452,76.6,29.869549549185813
10044,0.0,36.37387387296452,90.9,32.72954954918581
10065,20.620860097492184,99.9999999975,94.1,67.06834403799688
10069,0.0,36.37387387296452,93.0,33.149549549185814
10075,23.01511411370922,74.999999998125,94.0,58.00604564473369
10119,0.0,36.37387387296452,91.4,32.82954954918581
10128,0.0,36.37387387296452,93.1,33.16954954918581
10162,0.0,36.37387387296452,94.2,33.38954954918581
10280,0.0,36.37387387296452,94.0,33.34954954918581
10282,0.0,36.37387387296452,93.3,33.20954954918581
10301,0.0,36.37387387296452,85.4,31.62954954918581
10302,0.0,36.37387387296452,80.9,30.729549549185812
10303,0.0,36.37387387296452,80.7,30.689549549185813
10304,0.0,36.37387387296452,83.5,31.249549549185808
10305,17.868041479046077,0.0,86.9,24.527216591618433
10306,0.0,36.37387387296452,88.7,32.289549549185814
10307,0.0,36.37387387296452,90.3,32.60954954918581
10308,0.0,36.37387387296452,90.7,32.68954954918581
10309,0.0,36.37387387296452,90.0,32.54954954918581
10310,23.543574425763996,0.0,84.2,26.2574297703056
10312,0.0,36.37387387296452,90.4,32.62954954918581
10314,0.0,36.37387387296452,88.7,32.289549549185814
10451,16.945301464508784,0.0,74.5,21.678120585803512
10452,0.0,36.37387387296452,72.1,28.96954954918581
10453,0.0,36.37387387296452,72.1,28.96954954918581
10454,0.0,36.37387387296452,68.5,28.24954954918581
10455,0.0,36.37387387296452,69.7,28.48954954918581
10456,11.226092050788358,0.0,73.3,19.150436820315342
10457,12.909434705389378,0.0,71.7,19.503773882155755
10458,0.0,36.37387387296452,73.6,29.26954954918581
10459,0.0,36.37387387296452,71.6,28.869549549185813
10460,0.0,36.37387387296452,71.9,28.929549549185815
10461,15.96165659964287,0.0,83.2,23.024662639857148
10462,0.0,36.37387387296452,81.2,30.789549549185814
10463,0.0,36.37387387296452,82.2,30.98954954918581
10464,0.0,36.37387387296452,90.7,32.68954954918581
10465,0.0,36.37387387296452,84.6,31.469549549185807
10466,0.0,36.37387387296452,83.1,31.16954954918581
10467,10.351728065868157,24.999999999375,78.2,29.780691226097264
10468,0.0,36.37387387296452,72.8,29.10954954918581
10469,0.0,36.37387387296452,83.8,31.30954954918581
10470,0.0,36.37387387296452,85.9,31.729549549185812
10471,0.0,36.37387387296452,89.9,32.52954954918581
10472,0.0,36.37387387296452,72.5,29.049549549185812
10473,0.0,36.37387387296452,77.4,30.029549549185813
10474,0.0,36.37387387296452,70.1,28.56954954918581
10475,0.0,36.37387387296452,84.9,31.52954954918581
10501,0.0,36.37387387296452,92.7,33.08954954918581
10502,0.0,36.37387387296452,93.5,33.24954954918581
10503,0.0,36.37387387296452,94.8,33.50954954918581
10504,0.0,36.37387387296452,94.7,33.48954954918581
10505,0.0,36.37387387296452,92.4,33.02954954918581
10506,0.0,36.37387387296452,94.0,33.34954954918581
10507,0.0,36.37387387296452,87.0,31.94954954918581
10509,0.0,36.37387387296452,88.9,32.32954954918581
10510,0.0,36.37387387296452,93.5,33.24954954918581
10511,0.0,36.37387387296452,89.0,32.34954954918581
10512,23.25365250952139,49.99999999875,90.0,47.30146100330856
10514,0.0,36.37387387296452,94.6,33.46954954918581
10516,0.0,36.37387387296452,92.8,33.10954954918581
10517,0.0,36.37387387296452,89.4,32.429549549185815
10518,0.0,36.37387387296452,94.4,33.429549549185815
10519,0.0,36.37387387296452,91.7,32.88954954918581
10520,0.0,36.37387387296452,91.8,32.90954954918581
10522,0.0,36.37387387296452,92.3,33.00954954918581
10523,0.0,36.37387387296452,85.6,31.66954954918581
10524,0.0,36.37387387296452,91.8,32.90954954918581
10526,0.0,36.37387387296452,92.6,33.06954954918581
10527,0.0,36.37387387296452,92.9,33.12954954918581
10528,0.0,36.37387387296452,91.1,32.76954954918581
10530,0.0,36.37387387296452,92.7,33.08954954918581
10532,0.0,36.37387387296452,90.6,32.66954954918581
10533,0.0,36.37387387296452,93.5,33.24954954918581
10535,0.0,36.37387387296452,91.2,32.789549549185814
10536,0.0,36.37387387296452,93.3,33.20954954918581
10537,0.0,36.37387387296452,90.4,32.62954954918581
10538,0.0,36.37387387296452,94.1,33.36954954918581
10541,0.0,36.37387387296452,90.7,32.68954954918581
10543,0.0,36.37387387296452,88.2,32.18954954918581
10545,0.0,36.37387387296452,93.5,33.24954954918581
10546,0.0,36.37387387296452,94.0,33.34954954918581
10547,0.0,36.37387387296452,89.8,32.50954954918581
10548,0.0,36.37387387296452,90.8,32.70954954918581
10549,28.465701151001426,99.9999999975,87.0,68.78628045940057
10550,19.09366337266336,36.37387387296452,82.9,38.76701489825116
10552,0.0,36.37387387296452,88.4,32.22954954918581
10553,0.0,36.37387387296452,85.8,31.70954954918581
10560,0.0,36.37387387296452,92.5,33.04954954918581
10562,0.0,36.37387387296452,83.4,31.229549549185812
10566,0.0,36.37387387296452,81.8,30.90954954918581
10567,26.234181838241767,49.99999999875,90.9,48.67367273479671
10570,0.0,36.37387387296452,92.5,33.04954954918581
10573,0.0,36.37387387296452,79.8,30.509549549185813
10576,0.0,36.37387387296452,94.4,33.429549549185815
10577,0.0,36.37387387296452,90.2,32.58954954918581
10578,0.0,36.37387387296452,92.0,32.94954954918581
10579,0.0,36.37387387296452,91.3,32.80954954918581
10580,0.0,36.37387387296452,93.7,33.289549549185814
10583,0.0,36.37387387296452,94.1,33.36954954918581
10588,0.0,36.37387387296452,90.5,32.649549549185814
10589,0.0,36.37387387296452,93.6,33.26954954918581
10590,0.0,36.37387387296452,94.0,33.34954954918581
10591,24.749377287308526,49.99999999875,85.9,47.079750914423414
10594,0.0,36.37387387296452,91.8,32.90954954918581
10595,37.71887599770839,0.0,87.1,32.50755039908336
10596,0.0,36.37387387296452,90.1,32.56954954918581
10597,0.0,36.37387387296452,94.6,33.46954954918581
10598,0.0,36.37387387296452,92.2,32.98954954918581
10601,33.348203680989506,99.9999999975,85.9,70.51928147139581
10603,0.0,36.37387387296452,88.9,32.32954954918581
10604,0.0,36.37387387296452,88.0,32.149549549185814
10605,0.0,36.37387387296452,89.9,32.52954954918581
10606,0.0,36.37387387296452,82.2,30.98954954918581
10607,0.0,36.37387387296452,87.9,32.12954954918581
10701,20.81945907992081,12.4999999996875,78.7,29.067783631843326
10703,0.0,36.37387387296452,82.6,31.06954954918581
10704,0.0,36.37387387296452,87.5,32.04954954918581
10705,0.0,36.37387387296452,78.0,30.149549549185814
10706,0.0,36.37387387296452,93.7,33.289549549185814
10707,0.0,36.37387387296452,91.7,32.88954954918581
10708,0.0,36.37387387296452,91.9,32.929549549185815
10709,0.0,36.37387387296452,92.4,33.02954954918581
10710,0.0,36.37387387296452,88.8,32.30954954918581
10801,0.0,36.37387387296452,82.1,30.969549549185807
10803,0.0,36.37387387296452,92.4,33.02954954918581
10804,0.0,36.37387387296452,93.8,33.30954954918581
10805,0.0,36.37387387296452,84.7,31.48954954918581
10901,24.271414428935888,49.99999999875,90.0,47.70856577107436
10913,0.0,36.37387387296452,90.9,32.72954954918581
10914,0.0,36.37387387296452,90.3,32.60954954918581
10915,0.0,36.37387387296452,90.1,32.56954954918581
10916,0.0,36.37387387296452,91.0,32.74954954918581
10917,0.0,36.37387387296452,90.9,32.72954954918581
10918,0.0,36.37387387296452,89.7,32.48954954918581
10919,0.0,36.37387387296452,88.5,32.24954954918581
10920,0.0,36.37387387296452,90.7,32.68954954918581
10921,0.0,36.37387387296452,90.1,32.56954954918581
10922,0.0,36.37387387296452,90.6,32.66954954918581
10923,0.0,36.37387387296452,84.2,31.38954954918581
10924,0.0,36.37387387296452,89.3,32.40954954918581
10925,0.0,36.37387387296452,89.8,32.50954954918581
10926,0.0,36.37387387296452,88.3,32.20954954918581
10927,0.0,36.37387387296452,74.8,29.509549549185813
10928,0.0,36.37387387296452,89.6,32.46954954918581
10930,0.0,36.37387387296452,90.4,32.62954954918581
10931,0.0,36.37387387296452,86.2,31.789549549185814
10932,0.0,36.37387387296452,90.6,32.66954954918581
10933,0.0,36.37387387296452,90.4,32.62954954918581
10940,16.373831042510968,49.99999999875,84.2,43.389532416504395
10941,0.0,36.37387387296452,87.2,31.98954954918581
10950,0.0,36.37387387296452,86.6,31.869549549185813
10952,0.0,36.37387387296452,85.5,31.649549549185814
10953,0.0,36.37387387296452,93.3,33.20954954918581
10954,0.0,36.37387387296452,89.0,32.34954954918581
10956,0.0,36.37387387296452,91.8,32.90954954918581
10958,0.0,36.37387387296452,90.1,32.56954954918581
10960,29.695368006396844,24.999999999375,89.8,39.83814720230874
10962,0.0,36.37387387296452,90.2,32.58954954918581
10963,0.0,36.37387387296452,84.7,31.48954954918581
10964,0.0,36.37387387296452,92.0,32.94954954918581
10965,0.0,36.37387387296452,91.0,32.74954954918581
10968,0.0,36.37387387296452,92.1,32.96954954918581
10969,0.0,36.37387387296452,91.1,32.76954954918581
10970,0.0,36.37387387296452,86.9,31.929549549185815
10973,0.0,36.37387387296452,90.2,32.58954954918581
10974,0.0,36.37387387296452,90.6,32.66954954918581
10975,0.0,36.37387387296452,92.3,33.00954954918581
10976,0.0,36.37387387296452,90.2,32.58954954918581
10977,0.0,36.37387387296452,79.8,30.509549549185813
10979,0.0,36.37387387296452,90.5,32.649549549185814
10980,0.0,36.37387387296452,89.6,32.46954954918581
10983,0.0,36.37387387296452,91.2,32.789549549185814
10984,0.0,36.37387387296452,89.7,32.48954954918581
10985,0.0,36.37387387296452,91.5,32.84954954918581
10986,0.0,36.37387387296452,90.5,32.649549549185814
10987,0.0,36.37387387296452,92.6,33.06954954918581
10988,0.0,36.37387387296452,90.8,32.70954954918581
10989,0.0,36.37387387296452,90.7,32.68954954918581
10990,25.81345760694809,99.9999999975,91.3,68.58538304177924
10992,0.0,36.37387387296452,89.9,32.52954954918581
10993,45.16220277122914,36.37387387296452,80.3,48.67443065767746
10994,0.0,36.37387387296452,92.0,32.94954954918581
10996,0.0,36.37387387296452,90.1,32.56954954918581
10998,0.0,36.37387387296452,90.6,32.66954954918581
11001,0.0,36.37387387296452,89.9,32.52954954918581
11003,0.0,36.37387387296452,85.8,31.70954954918581
11004,0.0,36.37387387296452,88.6,32.26954954918581
11005,0.0,36.37387387296452,92.0,32.94954954918581
11010,0.0,36.37387387296452,89.3,32.40954954918581
11020,0.0,36.37387387296452,91.6,32.86954954918581
11021,0.0,36.37387387296452,92.3,33.00954954918581
11023,0.0,36.37387387296452,91.7,32.88954954918581
11024,0.0,36.37387387296452,90.2,32.58954954918581
11030,27.511452102493926,74.999999998125,93.4,59.68458084024758
11040,18.110535198872114,49.99999999875,90.6,45.36421407904885
11042,0.0,36.37387387296452,92.0,32.94954954918581
11050,0.0,36.37387387296452,90.5,32.649549549185814
11096,0.0,36.37387387296452,77.1,29.96954954918581
11101,0.0,36.37387387296452,81.7,30.88954954918581
11102,0.0,36.37387387296452,84.1,31.369549549185813
11103,0.0,36.37387387296452,86.0,31.749549549185808
11104,0.0,36.37387387296452,84.8,31.509549549185813
11105,0.0,36.37387387296452,87.0,31.94954954918581
11106,0.0,36.37387387296452,84.6,31.469549549185807
11109,0.0,36.37387387296452,91.4,32.82954954918581
11201,15.842253472994837,0.0,90.7,24.476901389197934
11203,18.82735916236634,0.0,84.7,24.47094366494654
11204,0.0,36.37387387296452,83.3,31.20954954918581
11205,0.0,36.37387387296452,83.7,31.289549549185814
11206,11.685989402725147,24.999999999375,76.9,30.054395760840062
11207,0.0,36.37387387296452,77.2,29.98954954918581
11208,0.0,36.37387387296452,75.7,29.689549549185813
11209,0.0,36.37387387296452,87.9,32.12954954918581
11210,0.0,36.37387387296452,86.4,31.829549549185813
11211,0.0,36.37387387296452,83.4,31.229549549185812
11212,11.414690455286234,0.0,78.1,20.18587618211449
11213,0.0,36.37387387296452,83.0,31.149549549185814
11214,0.0,36.37387387296452,84.1,31.369549549185813
11215,0.0,36.37387387296452,90.9,32.72954954918581
11216,0.0,36.37387387296452,86.0,31.749549549185808
11217,0.0,36.37387387296452,88.5,32.24954954918581
11218,0.0,36.37387387296452,84.5,31.44954954918581
11219,10.735858114124614,0.0,79.5,20.194343245649847
11220,0.0,36.37387387296452,72.7,29.08954954918581
11221,0.0,36.37387387296452,79.4,30.429549549185815
11222,0.0,36.37387387296452,88.8,32.30954954918581
11223,0.0,36.37387387296452,84.5,31.44954954918581
11224,0.0,36.37387387296452,83.0,31.149549549185814
11225,0.0,36.37387387296452,85.4,31.62954954918581
11226,0.0,36.37387387296452,83.0,31.149549549185814
11228,0.0,36.37387387296452,86.0,31.749549549185808
11229,11.85185726503591,0.0,87.4,22.220742906014365
11230,0.0,36.37387387296452,86.3,31.80954954918581
11231,0.0,36.37387387296452,87.3,32.00954954918581
11232,0.0,36.37387387296452,74.7,29.48954954918581
11233,0.0,36.37387387296452,81.4,30.829549549185813
11234,0.0,36.37387387296452,87.5,32.04954954918581
11235,11.942490696471912,0.0,87.9,22.356996278588767
11236,0.0,36.37387387296452,85.1,31.56954954918581
11237,16.07914311179445,0.0,73.0,21.03165724471778
11238,0.0,36.37387387296452,89.1,32.36954954918581
11239,0.0,36.37387387296452,80.9,30.729549549185812
11354,0.0,36.37387387296452,81.1,30.76954954918581
11355,17.580255758919954,37.4999999990625,80.0,38.032102303192985
11356,0.0,36.37387387296452,80.0,30.549549549185812
11357,0.0,36.37387387296452,87.5,32.04954954918581
11358,0.0,36.37387387296452,85.0,31.549549549185812
11360,0.0,36.37387387296452,90.4,32.62954954918581
11361,0.0,36.37387387296452,87.6,32.06954954918581
11362,0.0,36.37387387296452,89.4,32.429549549185815
11363,0.0,36.37387387296452,90.7,32.68954954918581
11364,0.0,36.37387387296452,88.4,32.22954954918581
11365,0.0,36.37387387296452,86.3,31.80954954918581
11366,0.0,36.37387387296452,87.2,31.98954954918581
11367,0.0,36.37387387296452,85.7,31.689549549185813
11368,0.0,36.37387387296452,66.5,27.84954954918581
11369,0.0,36.37387387296452,73.0,29.149549549185814
11370,0.0,36.37387387296452,75.1,29.56954954918581
11372,0.0,36.37387387296452,76.2,29.789549549185814
11373,10.072438381085137,24.999999999375,77.7,29.568975352184054
11374,0.0,36.37387387296452,87.9,32.12954954918581
11375,0.0,36.37387387296452,90.2,32.58954954918581
11377,0.0,36.37387387296452,80.1,30.56954954918581
11378,0.0,36.37387387296452,83.6,31.26954954918581
11379,0.0,36.37387387296452,86.9,31.929549549185815
11385,0.0,36.37387387296452,80.9,30.729549549185812
11411,0.0,36.37387387296452,87.2,31.98954954918581
11412,0.0,36.37387387296452,84.7,31.48954954918581
11413,0.0,36.37387387296452,85.5,31.649549549185814
11414,0.0,36.37387387296452,86.1,31.76954954918581
11415,0.0,36.37387387296452,87.0,31.94954954918581
11416,0.0,36.37387387296452,77.5,30.049549549185812
11417,0.0,36.37387387296452,80.4,30.62954954918581
11418,19.3524111692571,0.0,78.7,23.48096446770284
11419,0.0,36.37387387296452,80.2,30.58954954918581
11420,0.0,36.37387387296452,80.6,30.66954954918581
11421,0.0,36.37387387296452,77.0,29.94954954918581
11422,0.0,36.37387387296452,85.1,31.56954954918581
11423,0.0,36.37387387296452,83.7,31.289549549185814
11426,0.0,36.37387387296452,86.8,31.90954954918581
11427,0.0,36.37387387296452,84.7,31.48954954918581
11428,0.0,36.37387387296452,82.4,31.02954954918581
11429,0.0,36.37387387296452,83.6,31.26954954918581
11430,0.0,36.37387387296452,76.9,29.929549549185815
11432,14.215113515290822,0.0,82.0,22.08604540611633
11433,0.0,36.37387387296452,79.6,30.46954954918581
11434,0.0,36.37387387296452,84.1,31.369549549185813
11435,0.0,36.37387387296452,79.5,30.44954954918581
11436,0.0,36.37387387296452,82.1,30.969549549185807
11501,0.0,36.37387387296452,88.9,32.32954954918581
11507,0.0,36.37387387296452,91.8,32.90954954918581
11509,0.0,36.37387387296452,92.9,33.12954954918581
11510,0.0,36.37387387296452,88.6,32.26954954918581
11514,0.0,36.37387387296452,87.9,32.12954954918581
11516,0.0,36.37387387296452,90.6,32.66954954918581
11518,0.0,36.37387387296452,90.7,32.68954954918581
11520,0.0,36.37387387296452,80.6,30.66954954918581
11530,0.0,36.37387387296452,93.4,33.22954954918581
11542,22.366775406270925,99.9999999975,84.7,65.88671016150838
11545,0.0,36.37387387296452,92.7,33.08954954918581
11547,0.0,36.37387387296452,92.3,33.00954954918581
11548,0.0,36.37387387296452,90.0,32.54954954918581
11549,0.0,36.37387387296452,89.6,32.46954954918581
11550,0.0,36.37387387296452,75.9,29.729549549185812
11552,0.0,36.37387387296452,88.4,32.22954954918581
11553,0.0,36.37387387296452,79.3,30.40954954918581
11554,18.81486159041335,0.0,88.6,25.24594463616534
11557,0.0,36.37387387296452,91.4,32.82954954918581
11558,0.0,36.37387387296452,87.3,32.00954954918581
11559,0.0,36.37387387296452,90.7,32.68954954918581
11560,0.0,36.37387387296452,91.3,32.80954954918581
11561,0.0,36.37387387296452,90.1,32.56954954918581
11563,0.0,36.37387387296452,89.9,32.52954954918581
11565,0.0,36.37387387296452,91.7,32.88954954918581
11566,0.0,36.37387387296452,92.5,33.04954954918581
11568,0.0,36.37387387296452,91.1,32.76954954918581
11569,0.0,36.37387387296452,93.7,33.289549549185814
11570,0.0,36.37387387296452,91.6,32.86954954918581
11572,21.221384320330117,24.999999999375,91.0,36.68855372788205
11575,0.0,36.37387387296452,79.4,30.429549549185815
11576,32.2578141002298,99.9999999975,93.3,71.56312563909192
11577,0.0,36.37387387296452,92.4,33.02954954918581
11579,0.0,36.37387387296452,92.9,33.12954954918581
11580,0.0,36.37387387296452,87.3,32.00954954918581
11581,0.0,36.37387387296452,89.4,32.429549549185815
11590,0.0,36.37387387296452,83.3,31.20954954918581
11596,0.0,36.37387387296452,91.9,32.929549549185815
11598,0.0,36.37387387296452,92.4,33.02954954918581
11691,14.331837693095299,0.0,79.3,21.592735077238117
11692,0.0,36.37387387296452,79.6,30.46954954918581
11693,0.0,36.37387387296452,84.4,31.429549549185815
11694,0.0,36.37387387296452,87.9,32.12954954918581
11697,0.0,36.37387387296452,92.6,33.06954954918581
11701,0.0,36.37387387296452,84.5,31.44954954918581
11702,0.0,36.37387387296452,92.0,32.94954954918581
11703,0.0,36.37387387296452,89.4,32.429549549185815
11704,0.0,36.37387387296452,88.2,32.18954954918581
11705,0.0,36.37387387296452,92.2,32.98954954918581
11706,13.960898680059666,74.999999998125,82.6,52.10435947127387
11709,0.0,36.37387387296452,92.0,32.94954954918581
11710,0.0,36.37387387296452,91.6,32.86954954918581
11713,0.0,36.37387387296452,85.7,31.689549549185813
11714,24.687121901753073,24.999999999375,90.6,37.994848760451234
11715,0.0,36.37387387296452,92.4,33.02954954918581
11716,0.0,36.37387387296452,90.6,32.66954954918581
11717,0.0,36.37387387296452,74.0,29.34954954918581
11718,0.0,36.37387387296452,93.4,33.22954954918581
11719,0.0,36.37387387296452,88.4,32.22954954918581
11720,0.0,36.37387387296452,89.5,32.44954954918581
11721,0.0,36.37387387296452,93.6,33.26954954918581
11722,0.0,36.37387387296452,78.0,30.149549549185814
11724,0.0,36.37387387296452,94.1,33.36954954918581
11725,0.0,36.37387387296452,92.5,33.04954954918581
11726,0.0,36.37387387296452,81.1,30.76954954918581
11727,0.0,36.37387387296452,88.6,32.26954954918581
11729,0.0,36.37387387296452,88.7,32.289549549185814
11730,0.0,36.37387387296452,91.4,32.82954954918581
11731,0.0,36.37387387296452,91.9,32.929549549185815
11732,0.0,36.37387387296452,92.3,33.00954954918581
11733,0.0,36.37387387296452,93.1,33.16954954918581
11735,0.0,36.37387387296452,89.4,32.429549549185815
11738,0.0,36.37387387296452,89.0,32.34954954918581
11739,0.0,36.37387387296452,94.1,33.36954954918581
11740,0.0,36.37387387296452,91.9,32.929549549185815
11741,0.0,36.37387387296452,90.5,32.649549549185814
11742,0.0,36.37387387296452,89.6,32.46954954918581
11743,17.750111402656994,74.999999998125,92.2,55.54004456031281
11746,0.0,36.37387387296452,87.5,32.04954954918581
11747,0.0,36.37387387296452,92.6,33.06954954918581
11749,0.0,36.37387387296452,85.7,31.689549549185813
11751,0.0,36.37387387296452,90.4,32.62954954918581
11752,0.0,36.37387387296452,89.9,32.52954954918581
11753,0.0,36.37387387296452,93.4,33.22954954918581
11754,0.0,36.37387387296452,91.4,32.82954954918581
11755,0.0,36.37387387296452,91.0,32.74954954918581
11756,0.0,36.37387387296452,89.4,32.429549549185815
11757,0.0,36.37387387296452,88.9,32.32954954918581
11758,0.0,36.37387387296452,91.3,32.80954954918581
11762,0.0,36.37387387296452,91.6,32.86954954918581
11763,0.0,36.37387387296452,87.6,32.06954954918581
11764,0.0,36.37387387296452,92.5,33.04954954918581
11765,0.0,36.37387387296452,93.7,33.289549549185814
11766,0.0,36.37387387296452,92.0,32.94954954918581
11767,0.0,36.37387387296452,91.9,32.929549549185815
11768,0.0,36.37387387296452,93.5,33.24954954918581
11769,0.0,36.37387387296452,92.3,33.00954954918581
11770,0.0,36.37387387296452,93.3,33.20954954918581
11771,0.0,36.37387387296452,90.6,32.66954954918581
11772,17.139991497327657,0.0,86.4,24.135996598931065
11776,0.0,36.37387387296452,88.9,32.32954954918581
11777,46.023125553019824,87.49999999781251,92.6,71.92925022033293
11778,0.0,36.37387387296452,90.8,32.70954954918581
11779,0.0,36.37387387296452,89.6,32.46954954918581
11780,0.0,36.37387387296452,92.5,33.04954954918581
11782,0.0,36.37387387296452,91.9,32.929549549185815
11783,0.0,36.37387387296452,91.8,32.90954954918581
11784,0.0,36.37387387296452,88.7,32.289549549185814
11786,0.0,36.37387387296452,91.6,32.86954954918581
11787,19.496845017295232,49.99999999875,92.4,46.278738006418095
11788,0.0,36.37387387296452,91.3,32.80954954918581
11789,0.0,36.37387387296452,91.3,32.80954954918581
11790,0.0,36.37387387296452,92.0,32.94954954918581
11791,0.0,36.37387387296452,92.9,33.12954954918581
11792,0.0,36.37387387296452,92.4,33.02954954918581
11793,0.0,36.37387387296452,91.7,32.88954954918581
11794,50.929571988363776,74.999999998125,89.2,68.21182879459552
11795,23.055576218149344,0.0,91.7,27.56223048725974
11796,0.0,36.37387387296452,91.4,32.82954954918581
11797,0.0,36.37387387296452,93.2,33.18954954918581
11798,0.0,36.37387387296452,82.1,30.969549549185807
11801,0.0,36.37387387296452,88.8,32.30954954918581
11803,22.164233077208458,49.99999999875,92.9,47.445693230383384
11804,0.0,36.37387387296452,93.0,33.149549549185814
11901,22.559801302104283,49.99999999875,82.8,45.583920520341714
11930,0.0,36.37387387296452,89.6,32.46954954918581
11931,0.0,36.37387387296452,92.6,33.06954954918581
11932,0.0,36.37387387296452,89.7,32.48954954918581
11933,0.0,36.37387387296452,90.0,32.54954954918581
11934,0.0,36.37387387296452,90.0,32.54954954918581
11935,0.0,36.37387387296452,92.2,32.98954954918581
11937,0.0,36.37387387296452,87.0,31.94954954918581
11939,0.0,36.37387387296452,90.7,32.68954954918581
11940,0.0,36.37387387296452,90.9,32.72954954918581
11941,0.0,36.37387387296452,91.1,32.76954954918581
11942,0.0,36.37387387296452,90.5,32.649549549185814
11944,0.0,36.37387387296452,84.7,31.48954954918581
11946,0.0,36.37387387296452,85.9,31.729549549185812
11947,0.0,36.37387387296452,90.0,32.54954954918581
11948,0.0,36.37387387296452,90.9,32.72954954918581
11949,0.0,36.37387387296452,90.2,32.58954954918581
11950,0.0,36.37387387296452,85.6,31.66954954918581
11951,0.0,36.37387387296452,85.9,31.729549549185812
11952,0.0,36.37387387296452,91.4,32.82954954918581
11953,0.0,36.37387387296452,88.7,32.289549549185814
11954,0.0,36.37387387296452,90.0,32.54954954918581
11955,0.0,36.37387387296452,88.6,32.26954954918581
11956,0.0,36.37387387296452,92.8,33.10954954918581
11957,0.0,36.37387387296452,92.1,32.96954954918581
11958,0.0,36.37387387296452,90.9,32.72954954918581
11959,0.0,36.37387387296452,91.6,32.86954954918581
11960,0.0,36.37387387296452,93.0,33.149549549185814
11961,0.0,36.37387387296452,89.9,32.52954954918581
11962,0.0,36.37387387296452,92.2,32.98954954918581
11963,0.0,36.37387387296452,92.1,32.96954954918581
11964,0.0,36.37387387296452,93.0,33.149549549185814
11965,0.0,36.37387387296452,93.0,33.149549549185814
11967,0.0,36.37387387296452,86.3,31.80954954918581
11968,0.0,36.37387387296452,90.2,32.58954954918581
11970,0.0,36.37387387296452,93.0,33.149549549185814
11971,0.0,36.37387387296452,91.1,32.76954954918581
11972,0.0,36.37387387296452,91.0,32.74954954918581
11975,0.0,36.37387387296452,91.2,32.789549549185814
11976,0.0,36.37387387296452,92.2,32.98954954918581
11977,0.0,36.37387387296452,91.6,32.86954954918581
11978,0.0,36.37387387296452,88.9,32.32954954918581
11980,0.0,36.37387387296452,88.7,32.289549549185814
12007,0.0,36.37387387296452,89.1,32.36954954918581
12008,0.0,36.37387387296452,92.3,33.00954954918581
12009,0.0,36.37387387296452,92.3,33.00954954918581
12010,21.8413476168392,24.999999999375,85.2,35.77653904648568
12015,0.0,36.37387387296452,89.5,32.44954954918581
12017,0.0,36.37387387296452,92.6,33.06954954918581
12018,0.0,36.37387387296452,91.7,32.88954954918581
12019,0.0,36.37387387296452,92.8,33.10954954918581
12020,0.0,36.37387387296452,91.0,32.74954954918581
12022,0.0,36.37387387296452,89.4,32.429549549185815
12023,0.0,36.37387387296452,90.8,32.70954954918581
12025,0.0,36.37387387296452,89.7,32.48954954918581
12027,0.0,36.37387387296452,93.0,33.149549549185814
12028,0.0,36.37387387296452,90.2,32.58954954918581
12029,0.0,36.37387387296452,92.0,32.94954954918581
12031,0.0,36.37387387296452,89.5,32.44954954918581
12032,0.0,36.37387387296452,89.6,32.46954954918581
12033,0.0,36.37387387296452,92.0,32.94954954918581
12035,0.0,36.37387387296452,89.8,32.50954954918581
12036,0.0,36.37387387296452,88.8,32.30954954918581
12037,0.0,36.37387387296452,91.1,32.76954954918581
12040,0.0,36.37387387296452,89.2,32.38954954918581
12041,0.0,36.37387387296452,91.1,32.76954954918581
12042,0.0,36.37387387296452,89.9,32.52954954918581
12043,37.21161963016628,24.999999999375,89.2,42.72464785181651
12045,0.0,36.37387387296452,88.9,32.32954954918581
12046,0.0,36.37387387296452,90.0,32.54954954918581
12047,0.0,36.37387387296452,89.0,32.34954954918581
12051,0.0,36.37387387296452,80.1,30.56954954918581
12052,0.0,36.37387387296452,90.9,32.72954954918581
12053,0.0,36.37387387296452,90.9,32.72954954918581
12054,0.0,36.37387387296452,93.5,33.24954954918581
12056,0.0,36.37387387296452,91.0,32.74954954918581
12057,0.0,36.37387387296452,88.9,32.32954954918581
12058,0.0,36.37387387296452,88.6,32.26954954918581
12059,0.0,36.37387387296452,91.3,32.80954954918581
12060,0.0,36.37387387296452,91.5,32.84954954918581
12061,0.0,36.37387387296452,92.3,33.00954954918581
12062,0.0,36.37387387296452,91.0,32.74954954918581
12063,0.0,36.37387387296452,92.2,32.98954954918581
12064,0.0,36.37387387296452,88.9,32.32954954918581
12065,0.0,36.37387387296452,92.2,32.98954954918581
12066,0.0,36.37387387296452,89.8,32.50954954918581
12067,0.0,36.37387387296452,91.4,32.82954954918581
12068,0.0,36.37387387296452,89.0,32.34954954918581
12069,0.0,36.37387387296452,88.5,32.24954954918581
12070,0.0,36.37387387296452,90.3,32.60954954918581
12071,0.0,36.37387387296452,89.2,32.38954954918581
12072,0.0,36.37387387296452,86.6,31.869549549185813
12074,0.0,36.37387387296452,91.1,32.76954954918581
12075,0.0,36.37387387296452,90.1,32.56954954918581
12076,0.0,36.37387387296452,89.0,32.34954954918581
12077,0.0,36.37387387296452,92.0,32.94954954918581
12078,24.11721548233714,24.999999999375,86.8,37.00688619268486
12083,0.0,36.37387387296452,90.2,32.58954954918581
12084,0.0,36.37387387296452,92.2,32.98954954918581
12085,0.0,36.37387387296452,91.2,32.789549549185814
12086,0.0,36.37387387296452,90.5,32.649549549185814
12087,0.0,36.37387387296452,89.7,32.48954954918581
12090,0.0,36.37387387296452,89.5,32.44954954918581
12092,0.0,36.37387387296452,90.1,32.56954954918581
12093,0.0,36.37387387296452,89.2,32.38954954918581
12094,0.0,36.37387387296452,90.4,32.62954954918581
12095,0.0,36.37387387296452,88.7,32.289549549185814
12106,0.0,36.37387387296452,92.2,32.98954954918581
12108,0.0,36.37387387296452,87.0,31.94954954918581
12110,0.0,36.37387387296452,91.1,32.76954954918581
12115,0.0,36.37387387296452,92.4,33.02954954918581
12116,0.0,36.37387387296452,89.6,32.46954954918581
12117,0.0,36.37387387296452,89.3,32.40954954918581
12118,0.0,36.37387387296452,90.6,32.66954954918581
12120,0.0,36.37387387296452,90.1,32.56954954918581
12121,0.0,36.37387387296452,90.8,32.70954954918581
12122,0.0,36.37387387296452,89.6,32.46954954918581
12123,0.0,36.37387387296452,91.5,32.84954954918581
12124,0.0,36.37387387296452,90.2,32.58954954918581
12125,0.0,36.37387387296452,90.9,32.72954954918581
12130,0.0,36.37387387296452,90.4,32.62954954918581
12131,0.0,36.37387387296452,89.2,32.38954954918581
12132,0.0,36.37387387296452,92.2,32.98954954918581
12134,0.0,36.37387387296452,89.0,32.34954954918581
12136,0.0,36.37387387296452,92.6,33.06954954918581
12137,0.0,36.37387387296452,90.6,32.66954954918581
12138,0.0,36.37387387296452,89.8,32.50954954918581
12139,0.0,36.37387387296452,87.0,31.94954954918581
12140,0.0,36.37387387296452,91.8,32.90954954918581
12143,0.0,36.37387387296452,89.0,32.34954954918581
12144,0.0,36.37387387296452,90.6,32.66954954918581
12147,0.0,36.37387387296452,90.6,32.66954954918581
12148,0.0,36.37387387296452,93.2,33.18954954918581
12149,0.0,36.37387387296452,89.4,32.429549549185815
12150,0.0,36.37387387296452,90.6,32.66954954918581
12151,0.0,36.37387387296452,93.0,33.149549549185814
12153,0.0,36.37387387296452,91.6,32.86954954918581
12154,0.0,36.37387387296452,90.8,32.70954954918581
12155,0.0,36.37387387296452,89.2,32.38954954918581
12156,0.0,36.37387387296452,91.9,32.929549549185815
12157,0.0,36.37387387296452,90.0,32.54954954918581
12158,0.0,36.37387387296452,91.4,32.82954954918581
12159,0.0,36.37387387296452,93.1,33.16954954918581
12160,0.0,36.37387387296452,89.7,32.48954954918581
12161,0.0,36.37387387296452,92.8,33.10954954918581
12164,0.0,36.37387387296452,86.7,31.88954954918581
12165,0.0,36.37387387296452,92.8,33.10954954918581
12166,0.0,36.37387387296452,87.7,32.08954954918581
12167,0.0,36.37387387296452,89.1,32.36954954918581
12168,0.0,36.37387387296452,90.3,32.60954954918581
12169,0.0,36.37387387296452,90.8,32.70954954918581
12170,0.0,36.37387387296452,90.1,32.56954954918581
12172,0.0,36.37387387296452,88.0,32.149549549185814
12173,0.0,36.37387387296452,90.0,32.54954954918581
12174,0.0,36.37387387296452,91.0,32.74954954918581
12175,0.0,36.37387387296452,87.4,32.02954954918581
12176,0.0,36.37387387296452,90.4,32.62954954918581
12177,0.0,36.37387387296452,89.6,32.46954954918581
12180,15.38816440542374,49.99999999875,88.1,43.7752657616695
12182,0.0,36.37387387296452,87.5,32.04954954918581
12183,0.0,36.37387387296452,88.6,32.26954954918581
12184,0.0,36.37387387296452,90.7,32.68954954918581
12185,0.0,36.37387387296452,90.3,32.60954954918581
12186,0.0,36.37387387296452,92.8,33.10954954918581
12187,0.0,36.37387387296452,89.3,32.40954954918581
12188,0.0,36.37387387296452,90.2,32.58954954918581
12189,0.0,36.37387387296452,88.6,32.26954954918581
12190,0.0,36.37387387296452,87.1,31.969549549185807
12192,0.0,36.37387387296452,89.5,32.44954954918581
12193,0.0,36.37387387296452,90.1,32.56954954918581
12194,0.0,36.37387387296452,89.1,32.36954954918581
12195,0.0,36.37387387296452,91.0,32.74954954918581
12196,0.0,36.37387387296452,91.7,32.88954954918581
12197,0.0,36.37387387296452,89.3,32.40954954918581
12198,0.0,36.37387387296452,91.5,32.84954954918581
12202,0.0,36.37387387296452,82.2,30.98954954918581
12203,0.0,36.37387387296452,90.2,32.58954954918581
12204,0.0,36.37387387296452,89.3,32.40954954918581
12205,0.0,36.37387387296452,90.2,32.58954954918581
12206,0.0,36.37387387296452,83.1,31.16954954918581
12207,0.0,36.37387387296452,82.3,31.009549549185813
12208,34.59327022725767,49.99999999875,90.3,51.89730809040307
12209,0.0,36.37387387296452,86.1,31.76954954918581
12210,0.0,36.37387387296452,85.8,31.70954954918581
12211,0.0,36.37387387296452,92.1,32.96954954918581
12222,0.0,36.37387387296452,82.2,30.98954954918581
12302,0.0,36.37387387296452,91.6,32.86954954918581
12303,0.0,36.37387387296452,88.8,32.30954954918581
12304,0.0,36.37387387296452,86.4,31.829549549185813
12305,0.0,36.37387387296452,85.2,31.58954954918581
12306,0.0,36.37387387296452,89.6,32.46954954918581
12307,0.0,36.37387387296452,79.1,30.369549549185813
12308,38.61998283389255,24.999999999375,86.8,42.80799313330702
12309,0.0,36.37387387296452,92.9,33.12954954918581
12401,19.720041192249237,0.0,87.2,25.3280164768997
12404,0.0,36.37387387296452,90.3,32.60954954918581
12405,0.0,36.37387387296452,89.2,32.38954954918581
12406,0.0,36.37387387296452,88.6,32.26954954918581
12407,0.0,36.37387387296452,89.6,32.46954954918581
12409,0.0,36.37387387296452,93.2,33.18954954918581
12410,0.0,36.37387387296452,90.2,32.58954954918581
12411,0.0,36.37387387296452,90.6,32.66954954918581
12412,0.0,36.37387387296452,90.5,32.649549549185814
12413,0.0,36.37387387296452,88.7,32.289549549185814
12414,0.0,36.37387387296452,87.0,31.94954954918581
12416,0.0,36.37387387296452,89.0,32.34954954918581
12417,0.0,36.37387387296452,90.5,32.649549549185814
12418,0.0,36.37387387296452,89.4,32.429549549185815
12419,0.0,36.37387387296452,91.2,32.789549549185814
12420,0.0,36.37387387296452,89.2,32.38954954918581
12421,0.0,36.37387387296452,90.3,32.60954954918581
12422,0.0,36.37387387296452,88.9,32.32954954918581
12423,0.0,36.37387387296452,89.4,32.429549549185815
12424,0.0,36.37387387296452,91.7,32.88954954918581
12427,0.0,36.37387387296452,89.8,32.50954954918581
12428,40.66163013785652,36.37387387296452,83.8,47.57420160432842
12429,0.0,36.37387387296452,90.6,32.66954954918581
12430,0.0,36.37387387296452,87.4,32.02954954918581
12431,0.0,36.37387387296452,90.2,32.58954954918581
12432,0.0,36.37387387296452,88.9,32.32954954918581
12433,0.0,36.37387387296452,92.1,32.96954954918581
12434,0.0,36.37387387296452,89.7,32.48954954918581
12435,0.0,36.37387387296452,88.4,32.22954954918581
12436,0.0,36.37387387296452,90.8,32.70954954918581
12438,0.0,36.37387387296452,89.4,32.429549549185815
12439,0.0,36.37387387296452,89.1,32.36954954918581
12440,0.0,36.37387387296452,91.6,32.86954954918581
12441,0.0,36.37387387296452,90.5,32.649549549185814
12442,0.0,36.37387387296452,90.3,32.60954954918581
12443,0.0,36.37387387296452,92.1,32.96954954918581
12444,0.0,36.37387387296452,91.5,32.84954954918581
12446,0.0,36.37387387296452,89.2,32.38954954918581
12448,0.0,36.37387387296452,93.2,33.18954954918581
12449,0.0,36.37387387296452,89.3,32.40954954918581
12450,0.0,36.37387387296452,89.5,32.44954954918581
12451,0.0,36.37387387296452,88.9,32.32954954918581
12452,0.0,36.37387387296452,91.8,32.90954954918581
12453,0.0,36.37387387296452,89.1,32.36954954918581
12454,0.0,36.37387387296452,90.0,32.54954954918581
12455,57.55928181482135,36.37387387296452,88.8,55.33326227511435
12456,0.0,36.37387387296452,90.6,32.66954954918581
12457,0.0,36.37387387296452,90.7,32.68954954918581
12458,0.0,36.37387387296452,84.3,31.40954954918581
12459,0.0,36.37387387296452,89.5,32.44954954918581
12460,0.0,36.37387387296452,89.5,32.44954954918581
12461,0.0,36.37387387296452,91.1,32.76954954918581
12463,0.0,36.37387387296452,89.3,32.40954954918581
12464,0.0,36.37387387296452,90.0,32.54954954918581
12465,0.0,36.37387387296452,90.6,32.66954954918581
12466,0.0,36.37387387296452,90.6,32.66954954918581
12468,0.0,36.37387387296452,89.8,32.50954954918581
12469,0.0,36.37387387296452,90.2,32.58954954918581
12470,0.0,36.37387387296452,89.7,32.48954954918581
12471,0.0,36.37387387296452,90.0,32.54954954918581
12472,0.0,36.37387387296452,90.3,32.60954954918581
12473,0.0,36.37387387296452,89.3,32.40954954918581
12474,0.0,36.37387387296452,90.0,32.54954954918581
12475,0.0,36.37387387296452,90.0,32.54954954918581
12477,0.0,36.37387387296452,89.8,32.50954954918581
12480,0.0,36.37387387296452,90.3,32.60954954918581
12481,0.0,36.37387387296452,91.0,32.74954954918581
12482,0.0,36.37387387296452,88.5,32.24954954918581
12483,0.0,36.37387387296452,87.5,32.04954954918581
12484,0.0,36.37387387296452,92.0,32.94954954918581
12485,0.0,36.37387387296452,89.6,32.46954954918581
12486,0.0,36.37387387296452,91.3,32.80954954918581
12487,0.0,36.37387387296452,90.2,32.58954954918581
12489,0.0,36.37387387296452,82.5,31.049549549185812
12490,0.0,36.37387387296452,89.7,32.48954954918581
12491,0.0,36.37387387296452,92.1,32.96954954918581
12492,0.0,36.37387387296452,91.2,32.789549549185814
12493,0.0,36.37387387296452,89.4,32.429549549185815
12494,0.0,36.37387387296452,91.2,32.789549549185814
12495,0.0,36.37387387296452,93.2,33.18954954918581
12496,0.0,36.37387387296452,88.9,32.32954954918581
12498,0.0,36.37387387296452,92.4,33.02954954918581
12501,0.0,36.37387387296452,86.5,31.84954954918581
12502,0.0,36.37387387296452,90.5,32.649549549185814
12503,0.0,36.37387387296452,90.3,32.60954954918581
12504,0.0,36.37387387296452,90.3,32.60954954918581
12507,0.0,36.37387387296452,91.6,32.86954954918581
12508,0.0,36.37387387296452,86.1,31.76954954918581
12512,0.0,36.37387387296452,91.1,32.76954954918581
12513,0.0,36.37387387296452,90.9,32.72954954918581
12514,0.0,36.37387387296452,92.0,32.94954954918581
12515,0.0,36.37387387296452,88.6,32.26954954918581
12516,0.0,36.37387387296452,89.4,32.429549549185815
12517,0.0,36.37387387296452,88.3,32.20954954918581
12518,0.0,36.37387387296452,91.9,32.929549549185815
12520,0.0,36.37387387296452,92.7,33.08954954918581
12521,0.0,36.37387387296452,90.0,32.54954954918581
12522,0.0,36.37387387296452,87.2,31.98954954918581
12523,0.0,36.37387387296452,89.8,32.50954954918581
12524,0.0,36.37387387296452,89.7,32.48954954918581
12525,0.0,36.37387387296452,91.2,32.789549549185814
12526,0.0,36.37387387296452,90.9,32.72954954918581
12527,0.0,36.37387387296452,85.8,31.70954954918581
12528,0.0,36.37387387296452,89.6,32.46954954918581
12529,0.0,36.37387387296452,91.1,32.76954954918581
12530,0.0,36.37387387296452,89.7,32.48954954918581
12531,0.0,36.37387387296452,91.1,32.76954954918581
12533,0.0,36.37387387296452,91.0,32.74954954918581
12534,27.577191052573436,24.999999999375,87.6,38.550876420779375
12538,0.0,36.37387387296452,89.6,32.46954954918581
12540,0.0,36.37387387296452,92.0,32.94954954918581
12542,0.0,36.37387387296452,90.2,32.58954954918581
12543,0.0,36.37387387296452,87.8,32.10954954918581
12545,0.0,36.37387387296452,90.7,32.68954954918581
12546,0.0,36.37387387296452,88.8,32.30954954918581
12547,0.0,36.37387387296452,90.4,32.62954954918581
12548,0.0,36.37387387296452,88.0,32.149549549185814
12549,0.0,36.37387387296452,89.6,32.46954954918581
12550,15.240431748711773,24.999999999375,82.5,32.596172699234714
12553,0.0,36.37387387296452,88.3,32.20954954918581
12561,0.0,36.37387387296452,90.6,32.66954954918581
12563,0.0,36.37387387296452,88.9,32.32954954918581
12564,0.0,36.37387387296452,89.2,32.38954954918581
12565,0.0,36.37387387296452,89.8,32.50954954918581
12566,0.0,36.37387387296452,89.2,32.38954954918581
12567,0.0,36.37387387296452,88.9,32.32954954918581
12569,0.0,36.37387387296452,90.8,32.70954954918581
12570,0.0,36.37387387296452,91.7,32.88954954918581
12571,0.0,36.37387387296452,91.5,32.84954954918581
12572,36.27564318388419,99.9999999975,91.4,72.79025727255367
12574,0.0,36.37387387296452,91.7,32.88954954918581
12575,0.0,36.37387387296452,90.9,32.72954954918581
12577,0.0,36.37387387296452,91.0,32.74954954918581
12578,0.0,36.37387387296452,91.5,32.84954954918581
12580,0.0,36.37387387296452,90.2,32.58954954918581
12581,0.0,36.37387387296452,91.6,32.86954954918581
12582,0.0,36.37387387296452,85.9,31.729549549185812
12583,0.0,36.37387387296452,91.1,32.76954954918581
12585,0.0,36.37387387296452,91.5,32.84954954918581
12586,0.0,36.37387387296452,88.5,32.24954954918581
12589,0.0,36.37387387296452,87.1,31.969549549185807
12590,0.0,36.37387387296452,89.1,32.36954954918581
12592,0.0,36.37387387296452,86.6,31.869549549185813
12594,0.0,36.37387387296452,86.8,31.90954954918581
12601,17.470861162258334,49.99999999875,85.0,43.98834446440334
12603,0.0,36.37387387296452,90.0,32.54954954918581
12604,0.0,36.37387387296452,88.8,32.30954954918581
12701,0.0,36.37387387296452,82.9,31.12954954918581
12719,0.0,36.37387387296452,87.8,32.10954954918581
12720,0.0,36.37387387296452,89.2,32.38954954918581
12721,0.0,36.37387387296452,88.9,32.32954954918581
12722,0.0,36.37387387296452,88.6,32.26954954918581
12723,58.77854239555017,36.37387387296452,88.2,55.70096650740588
12724,0.0,36.37387387296452,89.9,32.52954954918581
12725,0.0,36.37387387296452,90.8,32.70954954918581
12726,0.0,36.37387387296452,90.4,32.62954954918581
12729,0.0,36.37387387296452,88.2,32.18954954918581
12732,0.0,36.37387387296452,88.8,32.30954954918581
12733,0.0,36.37387387296452,82.2,30.98954954918581
12734,0.0,36.37387387296452,82.5,31.049549549185812
12736,0.0,36.37387387296452,90.6,32.66954954918581
12737,0.0,36.37387387296452,90.0,32.54954954918581
12738,0.0,36.37387387296452,88.4,32.22954954918581
12740,0.0,36.37387387296452,90.1,32.56954954918581
12741,0.0,36.37387387296452,89.8,32.50954954918581
12742,92.32690368214736,49.99999999875,85.5,74.03076147235896
12743,0.0,36.37387387296452,88.6,32.26954954918581
12745,0.0,36.37387387296452,89.6,32.46954954918581
12746,0.0,36.37387387296452,88.2,32.18954954918581
12747,0.0,36.37387387296452,85.3,31.609549549185807
12748,0.0,36.37387387296452,89.2,32.38954954918581
12749,0.0,36.37387387296452,87.1,31.969549549185807
12750,0.0,36.37387387296452,89.6,32.46954954918581
12751,0.0,36.37387387296452,85.0,31.549549549185812
12752,0.0,36.37387387296452,90.4,32.62954954918581
12754,0.0,36.37387387296452,83.3,31.20954954918581
12758,0.0,36.37387387296452,88.7,32.289549549185814
12759,0.0,36.37387387296452,85.7,31.689549549185813
12760,0.0,36.37387387296452,89.4,32.429549549185815
12762,0.0,36.37387387296452,86.2,31.789549549185814
12763,0.0,36.37387387296452,86.1,31.76954954918581
12764,0.0,36.37387387296452,89.4,32.429549549185815
12765,0.0,36.37387387296452,89.9,32.52954954918581
12766,0.0,36.37387387296452,90.3,32.60954954918581
12767,0.0,36.37387387296452,89.8,32.50954954918581
12768,0.0,36.37387387296452,84.8,31.509549549185813
12769,0.0,36.37387387296452,89.1,32.36954954918581
12770,0.0,36.37387387296452,90.0,32.54954954918581
12771,30.19607897330924,49.99999999875,88.0,49.6784315888237
12775,0.0,36.37387387296452,90.2,32.58954954918581
12776,0.0,36.37387387296452,89.2,32.38954954918581
12777,0.0,36.37387387296452,91.6,32.86954954918581
12778,0.0,36.37387387296452,89.9,32.52954954918581
12779,0.0,36.37387387296452,79.2,30.389549549185812
12780,0.0,36.37387387296452,88.6,32.26954954918581
12781,0.0,36.37387387296452,89.6,32.46954954918581
12783,0.0,36.37387387296452,86.3,31.80954954918581
12784,0.0,36.37387387296452,89.9,32.52954954918581
12785,0.0,36.37387387296452,88.6,32.26954954918581
12786,0.0,36.37387387296452,88.8,32.30954954918581
12787,0.0,36.37387387296452,87.3,32.00954954918581
12788,0.0,36.37387387296452,84.1,31.369549549185813
12789,0.0,36.37387387296452,84.7,31.48954954918581
12790,0.0,36.37387387296452,89.0,32.34954954918581
12791,0.0,36.37387387296452,89.6,32.46954954918581
12792,0.0,36.37387387296452,88.5,32.24954954918581
12801,30.02496157147997,24.999999999375,89.3,39.86998462834199
12803,0.0,36.37387387296452,89.5,32.44954954918581
12804,0.0,36.37387387296452,91.5,32.84954954918581
12808,0.0,36.37387387296452,90.9,32.72954954918581
12809,0.0,36.37387387296452,89.1,32.36954954918581
12810,0.0,36.37387387296452,89.2,32.38954954918581
12811,0.0,36.37387387296452,89.7,32.48954954918581
12812,0.0,36.37387387296452,91.5,32.84954954918581
12814,0.0,36.37387387296452,91.8,32.90954954918581
12815,0.0,36.37387387296452,90.5,32.649549549185814
12816,0.0,36.37387387296452,90.1,32.56954954918581
12817,0.0,36.37387387296452,90.7,32.68954954918581
12819,0.0,36.37387387296452,89.5,32.44954954918581
12821,0.0,36.37387387296452,79.0,30.34954954918581
12822,0.0,36.37387387296452,87.7,32.08954954918581
12823,0.0,36.37387387296452,90.7,32.68954954918581
12824,0.0,36.37387387296452,91.8,32.90954954918581
12827,0.0,36.37387387296452,87.4,32.02954954918581
12828,0.0,36.37387387296452,89.1,32.36954954918581
12831,0.0,36.37387387296452,90.8,32.70954954918581
12832,0.0,36.37387387296452,87.0,31.94954954918581
12833,0.0,36.37387387296452,90.3,32.60954954918581
12834,0.0,36.37387387296452,90.4,32.62954954918581
12835,0.0,36.37387387296452,89.4,32.429549549185815
12836,0.0,36.37387387296452,91.1,32.76954954918581
12837,0.0,36.37387387296452,87.0,31.94954954918581
12838,0.0,36.37387387296452,89.5,32.44954954918581
12839,0.0,36.37387387296452,88.3,32.20954954918581
12841,0.0,36.37387387296452,90.4,32.62954954918581
12842,0.0,36.37387387296452,90.9,32.72954954918581
12843,0.0,36.37387387296452,89.7,32.48954954918581
12844,0.0,36.37387387296452,88.1,32.16954954918581
12845,0.0,36.37387387296452,91.4,32.82954954918581
12846,0.0,36.37387387296452,89.2,32.38954954918581
12847,0.0,36.37387387296452,90.3,32.60954954918581
12849,0.0,36.37387387296452,87.1,31.969549549185807
12850,0.0,36.37387387296452,89.7,32.48954954918581
12851,0.0,36.37387387296452,89.1,32.36954954918581
12852,0.0,36.37387387296452,89.6,32.46954954918581
12853,0.0,36.37387387296452,90.0,32.54954954918581
12855,0.0,36.37387387296452,89.5,32.44954954918581
12856,0.0,36.37387387296452,90.0,32.54954954918581
12857,0.0,36.37387387296452,89.8,32.50954954918581
12858,0.0,36.37387387296452,91.8,32.90954954918581
12859,0.0,36.37387387296452,89.0,32.34954954918581
12860,0.0,36.37387387296452,90.7,32.68954954918581
12861,0.0,36.37387387296452,90.2,32.58954954918581
12863,0.0,36.37387387296452,88.4,32.22954954918581
12865,0.0,36.37387387296452,88.9,32.32954954918581
12866,19.159633191014784,49.99999999875,91.9,46.04385327590592
12870,0.0,36.37387387296452,90.9,32.72954954918581
12871,0.0,36.37387387296452,90.1,32.56954954918581
12873,0.0,36.37387387296452,90.3,32.60954954918581
12874,0.0,36.37387387296452,92.0,32.94954954918581
12878,0.0,36.37387387296452,88.8,32.30954954918581
12883,0.0,36.37387387296452,89.6,32.46954954918581
12884,0.0,36.37387387296452,89.8,32.50954954918581
12885,0.0,36.37387387296452,88.7,32.289549549185814
12886,0.0,36.37387387296452,89.5,32.44954954918581
12887,0.0,36.37387387296452,86.4,31.829549549185813
12901,20.229322739235496,24.999999999375,89.0,35.891729095444205
12903,0.0,36.37387387296452,91.7,32.88954954918581
12910,0.0,36.37387387296452,86.1,31.76954954918581
12912,0.0,36.37387387296452,90.3,32.60954954918581
12913,0.0,36.37387387296452,91.2,32.789549549185814
12914,0.0,36.37387387296452,86.8,31.90954954918581
12916,0.0,36.37387387296452,87.7,32.08954954918581
12917,0.0,36.37387387296452,87.9,32.12954954918581
12918,0.0,36.37387387296452,89.4,32.429549549185815
12919,0.0,36.37387387296452,88.4,32.22954954918581
12920,0.0,36.37387387296452,87.2,31.98954954918581
12921,0.0,36.37387387296452,89.3,32.40954954918581
12922,0.0,36.37387387296452,89.2,32.38954954918581
12923,0.0,36.37387387296452,86.4,31.829549549185813
12924,0.0,36.37387387296452,89.4,32.429549549185815
12926,0.0,36.37387387296452,87.5,32.04954954918581
12927,0.0,36.37387387296452,89.0,32.34954954918581
12928,0.0,36.37387387296452,88.3,32.20954954918581
12929,0.0,36.37387387296452,79.5,30.44954954918581
12930,0.0,36.37387387296452,89.0,32.34954954918581
12932,64.39799923098283,36.37387387296452,91.7,58.64874924157894
12934,0.0,36.37387387296452,86.6,31.869549549185813
12935,0.0,36.37387387296452,86.5,31.84954954918581
12936,0.0,36.37387387296452,90.3,32.60954954918581
12937,0.0,36.37387387296452,86.7,31.88954954918581
12939,0.0,36.37387387296452,90.6,32.66954954918581
12941,0.0,36.37387387296452,91.8,32.90954954918581
12942,0.0,36.37387387296452,92.0,32.94954954918581
12943,0.0,36.37387387296452,92.1,32.96954954918581
12944,0.0,36.37387387296452,90.0,32.54954954918581
12945,0.0,36.37387387296452,90.0,32.54954954918581
12946,0.0,36.37387387296452,89.8,32.50954954918581
12950,0.0,36.37387387296452,89.4,32.429549549185815
12952,0.0,36.37387387296452,87.5,32.04954954918581
12953,29.08699410853948,36.37387387296452,83.3,42.8443471926016
12955,0.0,36.37387387296452,87.7,32.08954954918581
12956,0.0,36.37387387296452,87.0,31.94954954918581
12957,0.0,36.37387387296452,87.7,32.08954954918581
12958,0.0,36.37387387296452,88.0,32.149549549185814
12959,0.0,36.37387387296452,88.3,32.20954954918581
12960,0.0,36.37387387296452,88.3,32.20954954918581
12961,0.0,36.37387387296452,87.8,32.10954954918581
12962,0.0,36.37387387296452,89.5,32.44954954918581
12964,0.0,36.37387387296452,92.2,32.98954954918581
12965,0.0,36.37387387296452,88.0,32.149549549185814
12966,0.0,36.37387387296452,87.6,32.06954954918581
12967,0.0,36.37387387296452,88.0,32.149549549185814
12969,0.0,36.37387387296452,89.4,32.429549549185815
12970,0.0,36.37387387296452,89.4,32.429549549185815
12972,0.0,36.37387387296452,89.3,32.40954954918581
12973,0.0,36.37387387296452,88.7,32.289549549185814
12974,0.0,36.37387387296452,88.1,32.16954954918581
12975,0.0,36.37387387296452,91.2,32.789549549185814
12976,0.0,36.37387387296452,91.2,32.789549549185814
12977,0.0,36.37387387296452,79.3,30.40954954918581
12978,0.0,36.37387387296452,88.9,32.32954954918581
12979,0.0,36.37387387296452,88.6,32.26954954918581
12980,0.0,36.37387387296452,88.9,32.32954954918581
12981,0.0,36.37387387296452,89.3,32.40954954918581
12983,38.93097037675495,24.999999999375,89.9,43.55238815045198
12985,0.0,36.37387387296452,89.2,32.38954954918581
12986,0.0,36.37387387296452,88.5,32.24954954918581
12987,0.0,36.37387387296452,91.8,32.90954954918581
12989,0.0,36.37387387296452,91.4,32.82954954918581
12992,0.0,36.37387387296452,89.7,32.48954954918581
12993,0.0,36.37387387296452,91.5,32.84954954918581
12996,0.0,36.37387387296452,89.8,32.50954954918581
12997,0.0,36.37387387296452,91.5,32.84954954918581
12998,0.0,36.37387387296452,88.2,32.18954954918581
13020,0.0,36.37387387296452,90.9,32.72954954918581
13021,18.442105354299212,49.99999999875,88.7,45.11684214121969
13024,0.0,36.37387387296452,72.1,28.96954954918581
13026,0.0,36.37387387296452,89.9,32.52954954918581
13027,0.0,36.37387387296452,91.7,32.88954954918581
13028,0.0,36.37387387296452,89.7,32.48954954918581
13029,0.0,36.37387387296452,91.1,32.76954954918581
13030,0.0,36.37387387296452,90.5,32.649549549185814
13031,0.0,36.37387387296452,92.0,32.94954954918581
13032,0.0,36.37387387296452,89.6,32.46954954918581
13033,0.0,36.37387387296452,89.0,32.34954954918581
13034,0.0,36.37387387296452,89.8,32.50954954918581
13035,0.0,36.37387387296452,91.8,32.90954954918581
13036,0.0,36.37387387296452,89.0,32.34954954918581
13037,0.0,36.37387387296452,91.0,32.74954954918581
13039,0.0,36.37387387296452,91.6,32.86954954918581
13040,0.0,36.37387387296452,88.7,32.289549549185814
13041,0.0,36.37387387296452,91.6,32.86954954918581
13042,0.0,36.37387387296452,89.4,32.429549549185815
13044,0.0,36.37387387296452,89.6,32.46954954918581
13045,21.39214049292647,74.999999998125,89.2,56.396856196420586
13051,0.0,36.37387387296452,92.3,33.00954954918581
13052,0.0,36.37387387296452,88.6,32.26954954918581
13053,0.0,36.37387387296452,90.5,32.649549549185814
13054,0.0,36.37387387296452,89.2,32.38954954918581
13057,0.0,36.37387387296452,90.2,32.58954954918581
13060,0.0,36.37387387296452,89.2,32.38954954918581
13061,0.0,36.37387387296452,90.3,32.60954954918581
13062,0.0,36.37387387296452,92.9,33.12954954918581
13063,0.0,36.37387387296452,91.7,32.88954954918581
13066,0.0,36.37387387296452,93.5,33.24954954918581
13068,0.0,36.37387387296452,91.3,32.80954954918581
13069,23.558112199756852,49.99999999875,88.0,47.023244879402746
13071,0.0,36.37387387296452,90.1,32.56954954918581
13072,0.0,36.37387387296452,86.4,31.829549549185813
13073,0.0,36.37387387296452,91.0,32.74954954918581
13074,0.0,36.37387387296452,88.0,32.149549549185814
13076,0.0,36.37387387296452,88.8,32.30954954918581
13077,0.0,36.37387387296452,91.2,32.789549549185814
13078,0.0,36.37387387296452,91.8,32.90954954918581
13080,0.0,36.37387387296452,89.4,32.429549549185815
13081,0.0,36.37387387296452,89.8,32.50954954918581
13082,0.0,36.37387387296452,90.6,32.66954954918581
13083,0.0,36.37387387296452,88.5,32.24954954918581
13084,0.0,36.37387387296452,92.1,32.96954954918581
13087,0.0,36.37387387296452,92.2,32.98954954918581
13088,0.0,36.37387387296452,90.6,32.66954954918581
13090,0.0,36.37387387296452,91.1,32.76954954918581
13092,0.0,36.37387387296452,89.2,32.38954954918581
13101,0.0,36.37387387296452,89.6,32.46954954918581
13102,0.0,36.37387387296452,91.6,32.86954954918581
13103,0.0,36.37387387296452,88.9,32.32954954918581
13104,0.0,36.37387387296452,93.4,33.22954954918581
13108,0.0,36.37387387296452,92.4,33.02954954918581
13110,0.0,36.37387387296452,91.8,32.90954954918581
13111,0.0,36.37387387296452,88.8,32.30954954918581
13112,0.0,36.37387387296452,90.8,32.70954954918581
13113,0.0,36.37387387296452,88.6,32.26954954918581
13114,0.0,36.37387387296452,89.2,32.38954954918581
13115,0.0,36.37387387296452,91.5,32.84954954918581
13116,0.0,36.37387387296452,91.4,32.82954954918581
13117,0.0,36.37387387296452,89.3,32.40954954918581
13118,0.0,36.37387387296452,86.8,31.90954954918581
13120,0.0,36.37387387296452,89.8,32.50954954918581
13122,0.0,36.37387387296452,91.7,32.88954954918581
13123,0.0,36.37387387296452,89.2,32.38954954918581
13124,0.0,36.37387387296452,87.7,32.08954954918581
13126,0.0,36.37387387296452,89.1,32.36954954918581
13131,0.0,36.37387387296452,88.1,32.16954954918581
13132,0.0,36.37387387296452,90.1,32.56954954918581
13134,0.0,36.37387387296452,89.4,32.429549549185815
13135,0.0,36.37387387296452,89.6,32.46954954918581
13136,0.0,36.37387387296452,87.3,32.00954954918581
13138,0.0,36.37387387296452,92.5,33.04954954918581
13140,0.0,36.37387387296452,88.2,32.18954954918581
13141,0.0,36.37387387296452,91.2,32.789549549185814
13142,0.0,36.37387387296452,88.5,32.24954954918581
13143,0.0,36.37387387296452,86.4,31.829549549185813
13144,0.0,36.37387387296452,87.8,32.10954954918581
13145,0.0,36.37387387296452,89.3,32.40954954918581
13146,0.0,36.37387387296452,87.1,31.969549549185807
13147,0.0,36.37387387296452,88.7,32.289549549185814
13148,0.0,36.37387387296452,89.3,32.40954954918581
13152,0.0,36.37387387296452,93.4,33.22954954918581
13153,0.0,36.37387387296452,93.0,33.149549549185814
13155,0.0,36.37387387296452,87.2,31.98954954918581
13156,0.0,36.37387387296452,89.3,32.40954954918581
13157,0.0,36.37387387296452,89.7,32.48954954918581
13158,0.0,36.37387387296452,88.9,32.32954954918581
13159,0.0,36.37387387296452,91.5,32.84954954918581
13160,0.0,36.37387387296452,89.6,32.46954954918581
13162,0.0,36.37387387296452,89.8,32.50954954918581
13163,0.0,36.37387387296452,88.3,32.20954954918581
13164,0.0,36.37387387296452,91.5,32.84954954918581
13165,0.0,36.37387387296452,89.1,32.36954954918581
13166,0.0,36.37387387296452,89.7,32.48954954918581
13167,0.0,36.37387387296452,89.2,32.38954954918581
13202,0.0,36.37387387296452,81.0,30.749549549185808
13203,28.934257132075025,24.999999999375,84.2,38.413702852580016
13204,0.0,36.37387387296452,81.7,30.88954954918581
13205,0.0,36.37387387296452,83.2,31.189549549185813
13206,0.0,36.37387387296452,87.9,32.12954954918581
13207,0.0,36.37387387296452,86.9,31.929549549185815
13208,0.0,36.37387387296452,83.4,31.229549549185812
13209,0.0,36.37387387296452,89.5,32.44954954918581
13210,30.83659869504868,37.4999999990625,86.5,44.63463947764447
13211,0.0,36.37387387296452,87.1,31.969549549185807
13212,0.0,36.37387387296452,90.0,32.54954954918581
13214,0.0,36.37387387296452,91.2,32.789549549185814
13215,0.0,36.37387387296452,92.4,33.02954954918581
13219,0.0,36.37387387296452,91.6,32.86954954918581
13224,0.0,36.37387387296452,88.7,32.289549549185814
13301,0.0,36.37387387296452,90.2,32.58954954918581
13302,0.0,36.37387387296452,87.5,32.04954954918581
13303,0.0,36.37387387296452,89.4,32.429549549185815
13304,0.0,36.37387387296452,91.3,32.80954954918581
13305,0.0,36.37387387296452,88.1,32.16954954918581
13308,0.0,36.37387387296452,89.4,32.429549549185815
13309,0.0,36.37387387296452,89.7,32.48954954918581
13310,0.0,36.37387387296452,90.5,32.649549549185814
13312,0.0,36.37387387296452,89.1,32.36954954918581
13313,0.0,36.37387387296452,88.4,32.22954954918581
13314,0.0,36.37387387296452,89.2,32.38954954918581
13315,0.0,36.37387387296452,89.4,32.429549549185815
13316,0.0,36.37387387296452,89.3,32.40954954918581
13317,0.0,36.37387387296452,88.2,32.18954954918581
13318,0.0,36.37387387296452,89.6,32.46954954918581
13319,0.0,36.37387387296452,92.4,33.02954954918581
13320,0.0,36.37387387296452,90.2,32.58954954918581
13321,0.0,36.37387387296452,91.2,32.789549549185814
13322,0.0,36.37387387296452,90.6,32.66954954918581
13323,0.0,36.37387387296452,91.7,32.88954954918581
13324,0.0,36.37387387296452,90.5,32.649549549185814
13325,0.0,36.37387387296452,89.0,32.34954954918581
13326,43.02645209122452,24.999999999375,91.7,45.5505808362398
13327,0.0,36.37387387296452,88.7,32.289549549185814
13328,0.0,36.37387387296452,90.8,32.70954954918581
13329,0.0,36.37387387296452,88.3,32.20954954918581
13331,0.0,36.37387387296452,91.4,32.82954954918581
13332,0.0,36.37387387296452,89.7,32.48954954918581
13333,0.0,36.37387387296452,90.2,32.58954954918581
13334,0.0,36.37387387296452,89.8,32.50954954918581
13335,0.0,36.37387387296452,89.5,32.44954954918581
13337,0.0,36.37387387296452,93.5,33.24954954918581
13338,0.0,36.37387387296452,90.5,32.649549549185814
13339,0.0,36.37387387296452,87.2,31.98954954918581
13340,0.0,36.37387387296452,90.0,32.54954954918581
13342,0.0,36.37387387296452,90.2,32.58954954918581
13343,0.0,36.37387387296452,89.4,32.429549549185815
13345,0.0,36.37387387296452,88.3,32.20954954918581
13346,40.388309441647515,36.37387387296452,89.8,48.664873325844816
13348,0.0,36.37387387296452,90.7,32.68954954918581
13350,0.0,36.37387387296452,88.3,32.20954954918581
13352,0.0,36.37387387296452,91.3,32.80954954918581
13353,0.0,36.37387387296452,87.2,31.98954954918581
13354,0.0,36.37387387296452,90.7,32.68954954918581
13355,0.0,36.37387387296452,90.5,32.649549549185814
13357,0.0,36.37387387296452,89.6,32.46954954918581
13360,0.0,36.37387387296452,90.6,32.66954954918581
13361,0.0,36.37387387296452,89.8,32.50954954918581
13363,0.0,36.37387387296452,88.9,32.32954954918581
13364,0.0,36.37387387296452,89.7,32.48954954918581
13365,36.59843799296814,36.37387387296452,89.0,46.98892474637307
13367,36.71350754521003,36.37387387296452,88.6,46.95495256726982
13368,0.0,36.37387387296452,88.4,32.22954954918581
13402,0.0,36.37387387296452,90.9,32.72954954918581
13403,0.0,36.37387387296452,80.8,30.70954954918581
13404,0.0,36.37387387296452,88.6,32.26954954918581
13406,0.0,36.37387387296452,89.6,32.46954954918581
13407,0.0,36.37387387296452,89.0,32.34954954918581
13408,0.0,36.37387387296452,88.6,32.26954954918581
13409,0.0,36.37387387296452,89.6,32.46954954918581
13410,0.0,36.37387387296452,87.6,32.06954954918581
13411,0.0,36.37387387296452,89.0,32.34954954918581
13413,0.0,36.37387387296452,92.6,33.06954954918581
13415,0.0,36.37387387296452,89.2,32.38954954918581
13416,0.0,36.37387387296452,89.4,32.429549549185815
13417,0.0,36.37387387296452,90.0,32.54954954918581
13418,0.0,36.37387387296452,89.3,32.40954954918581
13420,0.0,36.37387387296452,90.8,32.70954954918581
13421,30.540817807899828,49.99999999875,89.4,50.096327122659936
13424,0.0,36.37387387296452,88.4,32.22954954918581
13425,0.0,36.37387387296452,90.5,32.649549549185814
13428,0.0,36.37387387296452,87.9,32.12954954918581
13431,0.0,36.37387387296452,90.2,32.58954954918581
13433,0.0,36.37387387296452,88.4,32.22954954918581
13435,0.0,36.37387387296452,91.1,32.76954954918581
13436,0.0,36.37387387296452,90.9,32.72954954918581
13437,0.0,36.37387387296452,88.1,32.16954954918581
13438,0.0,36.37387387296452,90.6,32.66954954918581
13439,0.0,36.37387387296452,89.5,32.44954954918581
13440,17.56823663970622,0.0,86.9,24.40729465588249
13441,0.0,36.37387387296452,83.4,31.229549549185812
13450,0.0,36.37387387296452,90.4,32.62954954918581
13452,0.0,36.37387387296452,87.3,32.00954954918581
13454,0.0,36.37387387296452,87.4,32.02954954918581
13456,0.0,36.37387387296452,91.6,32.86954954918581
13459,0.0,36.37387387296452,89.3,32.40954954918581
13460,0.0,36.37387387296452,88.5,32.24954954918581
13461,0.0,36.37387387296452,91.7,32.88954954918581
13464,0.0,36.37387387296452,88.3,32.20954954918581
13468,0.0,36.37387387296452,91.1,32.76954954918581
13469,0.0,36.37387387296452,91.6,32.86954954918581
13470,0.0,36.37387387296452,87.7,32.08954954918581
13471,0.0,36.37387387296452,88.1,32.16954954918581
13472,0.0,36.37387387296452,91.0,32.74954954918581
13473,0.0,36.37387387296452,88.7,32.289549549185814
13476,0.0,36.37387387296452,89.9,32.52954954918581
13477,0.0,36.37387387296452,89.9,32.52954954918581
13478,0.0,36.37387387296452,89.4,32.429549549185815
13480,0.0,36.37387387296452,90.1,32.56954954918581
13483,0.0,36.37387387296452,89.0,32.34954954918581
13484,0.0,36.37387387296452,90.1,32.56954954918581
13485,0.0,36.37387387296452,89.7,32.48954954918581
13486,0.0,36.37387387296452,89.4,32.429549549185815
13488,0.0,36.37387387296452,89.2,32.38954954918581
13489,0.0,36.37387387296452,89.0,32.34954954918581
13490,0.0,36.37387387296452,90.3,32.60954954918581
13491,0.0,36.37387387296452,89.1,32.36954954918581
13492,0.0,36.37387387296452,91.7,32.88954954918581
13493,0.0,36.37387387296452,87.6,32.06954954918581
13494,0.0,36.37387387296452,90.8,32.70954954918581
13495,0.0,36.37387387296452,89.0,32.34954954918581
13501,0.0,36.37387387296452,83.2,31.189549549185813
13502,0.0,36.37387387296452,86.7,31.88954954918581
13601,18.807649345794037,49.99999999875,87.4,45.00305973781762
13602,0.0,36.37387387296452,85.4,31.62954954918581
13603,0.0,36.37387387296452,85.7,31.689549549185813
13605,0.0,36.37387387296452,89.8,32.50954954918581
13606,0.0,36.37387387296452,90.4,32.62954954918581
13607,58.81002386884072,36.37387387296452,90.4,56.153559096722105
13608,0.0,36.37387387296452,88.0,32.149549549185814
13612,0.0,36.37387387296452,90.2,32.58954954918581
13613,0.0,36.37387387296452,89.5,32.44954954918581
13614,0.0,36.37387387296452,87.4,32.02954954918581
13615,0.0,36.37387387296452,90.8,32.70954954918581
13616,0.0,36.37387387296452,86.1,31.76954954918581
13617,0.0,36.37387387296452,90.4,32.62954954918581
13618,0.0,36.37387387296452,90.9,32.72954954918581
13619,33.90918102912033,36.37387387296452,88.5,45.81322196083394
13620,0.0,36.37387387296452,88.5,32.24954954918581
13621,0.0,36.37387387296452,90.3,32.60954954918581
13622,0.0,36.37387387296452,90.7,32.68954954918581
13624,0.0,36.37387387296452,87.3,32.00954954918581
13625,0.0,36.37387387296452,91.0,32.74954954918581
13626,0.0,36.37387387296452,88.5,32.24954954918581
13628,0.0,36.37387387296452,88.7,32.289549549185814
13630,0.0,36.37387387296452,87.1,31.969549549185807
13633,0.0,36.37387387296452,86.7,31.88954954918581
13634,0.0,36.37387387296452,90.7,32.68954954918581
13635,0.0,36.37387387296452,89.0,32.34954954918581
13636,0.0,36.37387387296452,88.8,32.30954954918581
13637,0.0,36.37387387296452,87.4,32.02954954918581
13638,0.0,36.37387387296452,89.9,32.52954954918581
13639,0.0,36.37387387296452,88.6,32.26954954918581
13640,0.0,36.37387387296452,91.1,32.76954954918581
13641,0.0,36.37387387296452,90.0,32.54954954918581
13642,34.93459195172942,36.37387387296452,86.0,45.723386329877584
13646,0.0,36.37387387296452,87.5,32.04954954918581
13647,0.0,36.37387387296452,90.1,32.56954954918581
13648,0.0,36.37387387296452,88.9,32.32954954918581
13650,0.0,36.37387387296452,89.2,32.38954954918581
13651,0.0,36.37387387296452,89.8,32.50954954918581
13652,0.0,36.37387387296452,88.1,32.16954954918581
13654,0.0,36.37387387296452,87.9,32.12954954918581
13655,0.0,36.37387387296452,90.0,32.54954954918581
13656,0.0,36.37387387296452,89.0,32.34954954918581
13658,0.0,36.37387387296452,89.8,32.50954954918581
13659,0.0,36.37387387296452,89.1,32.36954954918581
13660,0.0,36.37387387296452,89.7,32.48954954918581
13661,0.0,36.37387387296452,88.7,32.289549549185814
13662,28.507963433155304,36.37387387296452,89.0,43.75273492244793
13664,0.0,36.37387387296452,88.3,32.20954954918581
13665,0.0,36.37387387296452,88.9,32.32954954918581
13666,0.0,36.37387387296452,88.4,32.22954954918581
13667,0.0,36.37387387296452,88.5,32.24954954918581
13668,0.0,36.37387387296452,90.2,32.58954954918581
13669,28.60670394219203,74.999999998125,86.9,58.82268157612682
13670,0.0,36.37387387296452,88.6,32.26954954918581
13672,0.0,36.37387387296452,91.1,32.76954954918581
13673,0.0,36.37387387296452,89.1,32.36954954918581
13674,0.0,36.37387387296452,89.2,32.38954954918581
13675,0.0,36.37387387296452,89.9,32.52954954918581
13676,28.459676950900803,24.999999999375,88.3,39.043870780110325
13678,0.0,36.37387387296452,88.1,32.16954954918581
13679,0.0,36.37387387296452,89.6,32.46954954918581
13680,0.0,36.37387387296452,88.3,32.20954954918581
13681,0.0,36.37387387296452,86.5,31.84954954918581
13682,0.0,36.37387387296452,88.9,32.32954954918581
13684,0.0,36.37387387296452,88.9,32.32954954918581
13685,0.0,36.37387387296452,90.1,32.56954954918581
13687,0.0,36.37387387296452,91.3,32.80954954918581
13690,69.88326959462503,36.37387387296452,88.2,60.142857387035825
13691,0.0,36.37387387296452,88.4,32.22954954918581
13693,0.0,36.37387387296452,91.1,32.76954954918581
13694,0.0,36.37387387296452,90.2,32.58954954918581
13695,0.0,36.37387387296452,87.6,32.06954954918581
13696,0.0,36.37387387296452,89.4,32.429549549185815
13697,0.0,36.37387387296452,89.4,32.429549549185815
13730,0.0,36.37387387296452,88.6,32.26954954918581
13731,0.0,36.37387387296452,90.6,32.66954954918581
13732,0.0,36.37387387296452,91.5,32.84954954918581
13733,0.0,36.37387387296452,89.1,32.36954954918581
13734,0.0,36.37387387296452,88.9,32.32954954918581
13736,0.0,36.37387387296452,89.9,32.52954954918581
13739,0.0,36.37387387296452,89.9,32.52954954918581
13740,0.0,36.37387387296452,90.1,32.56954954918581
13743,0.0,36.37387387296452,89.9,32.52954954918581
13744,0.0,36.37387387296452,89.9,32.52954954918581
13746,0.0,36.37387387296452,90.1,32.56954954918581
13748,0.0,36.37387387296452,89.6,32.46954954918581
13750,0.0,36.37387387296452,89.1,32.36954954918581
13751,0.0,36.37387387296452,88.7,32.289549549185814
13752,0.0,36.37387387296452,90.7,32.68954954918581
13753,42.33056697500349,36.37387387296452,89.0,49.2817763391872
13754,0.0,36.37387387296452,88.6,32.26954954918581
13755,0.0,36.37387387296452,89.3,32.40954954918581
13756,0.0,36.37387387296452,89.3,32.40954954918581
13757,0.0,36.37387387296452,89.8,32.50954954918581
13760,0.0,36.37387387296452,90.1,32.56954954918581
13774,0.0,36.37387387296452,88.9,32.32954954918581
13775,0.0,36.37387387296452,90.4,32.62954954918581
13776,0.0,36.37387387296452,90.4,32.62954954918581
13777,0.0,36.37387387296452,89.5,32.44954954918581
13778,0.0,36.37387387296452,90.4,32.62954954918581
13780,0.0,36.37387387296452,88.5,32.24954954918581
13782,0.0,36.37387387296452,90.0,32.54954954918581
13783,0.0,36.37387387296452,88.6,32.26954954918581
13784,0.0,36.37387387296452,89.6,32.46954954918581
13786,0.0,36.37387387296452,89.5,32.44954954918581
13787,0.0,36.37387387296452,89.7,32.48954954918581
13788,0.0,36.37387387296452,89.3,32.40954954918581
13790,0.0,36.37387387296452,88.9,32.32954954918581
13795,0.0,36.37387387296452,89.7,32.48954954918581
13796,0.0,36.37387387296452,90.0,32.54954954918581
13797,0.0,36.37387387296452,89.4,32.429549549185815
13801,0.0,36.37387387296452,88.2,32.18954954918581
13802,0.0,36.37387387296452,90.0,32.54954954918581
13803,0.0,36.37387387296452,89.0,32.34954954918581
13804,0.0,36.37387387296452,88.5,32.24954954918581
13806,0.0,36.37387387296452,90.2,32.58954954918581
13807,0.0,36.37387387296452,89.8,32.50954954918581
13808,0.0,36.37387387296452,89.8,32.50954954918581
13809,0.0,36.37387387296452,88.3,32.20954954918581
13810,0.0,36.37387387296452,89.9,32.52954954918581
13811,0.0,36.37387387296452,89.5,32.44954954918581
13812,0.0,36.37387387296452,89.1,32.36954954918581
13813,0.0,36.37387387296452,89.1,32.36954954918581
13815,30.65564788194904,24.999999999375,88.2,39.902259152529616
13820,24.79446185776928,24.999999999375,89.4,37.797784742857715
13825,0.0,36.37387387296452,89.8,32.50954954918581
13826,0.0,36.37387387296452,91.4,32.82954954918581
13827,0.0,36.37387387296452,89.8,32.50954954918581
13830,0.0,36.37387387296452,89.0,32.34954954918581
13832,0.0,36.37387387296452,88.2,32.18954954918581
13833,0.0,36.37387387296452,89.7,32.48954954918581
13834,0.0,36.37387387296452,88.7,32.289549549185814
13835,0.0,36.37387387296452,89.6,32.46954954918581
13838,0.0,36.37387387296452,88.0,32.149549549185814
13839,0.0,36.37387387296452,88.8,32.30954954918581
13841,0.0,36.37387387296452,90.3,32.60954954918581
13842,0.0,36.37387387296452,87.9,32.12954954918581
13843,0.0,36.37387387296452,89.3,32.40954954918581
13844,0.0,36.37387387296452,88.6,32.26954954918581
13846,0.0,36.37387387296452,91.0,32.74954954918581
13847,0.0,36.37387387296452,88.8,32.30954954918581
13849,0.0,36.37387387296452,88.5,32.24954954918581
13850,0.0,36.37387387296452,91.7,32.88954954918581
13856,40.67409793969158,36.37387387296452,88.4,48.49918872506244
13859,0.0,36.37387387296452,87.0,31.94954954918581
13860,0.0,36.37387387296452,87.7,32.08954954918581
13861,0.0,36.37387387296452,90.0,32.54954954918581
13862,0.0,36.37387387296452,89.5,32.44954954918581
13863,0.0,36.37387387296452,88.3,32.20954954918581
13864,0.0,36.37387387296452,90.5,32.649549549185814
13865,0.0,36.37387387296452,90.4,32.62954954918581
13901,0.0,36.37387387296452,88.4,32.22954954918581
13902,0.0,36.37387387296452,87.9,32.12954954918581
13903,26.972639595429033,24.999999999375,88.6,38.509055837921615
13904,0.0,36.37387387296452,87.9,32.12954954918581
13905,22.205289340145757,24.999999999375,88.0,36.48211573580831
14001,0.0,36.37387387296452,90.8,32.70954954918581
14004,0.0,36.37387387296452,88.3,32.20954954918581
14005,0.0,36.37387387296452,89.8,32.50954954918581
14006,0.0,36.37387387296452,89.7,32.48954954918581
14008,0.0,36.37387387296452,89.2,32.38954954918581
14009,0.0,36.37387387296452,89.0,32.34954954918581
14011,0.0,36.37387387296452,85.2,31.58954954918581
14012,0.0,36.37387387296452,89.3,32.40954954918581
14013,0.0,36.37387387296452,89.0,32.34954954918581
14020,24.35196307725485,24.999999999375,89.0,37.54078523065195
14024,0.0,36.37387387296452,88.7,32.289549549185814
14025,0.0,36.37387387296452,91.8,32.90954954918581
14026,0.0,36.37387387296452,92.3,33.00954954918581
14028,0.0,36.37387387296452,89.6,32.46954954918581
14030,0.0,36.37387387296452,89.8,32.50954954918581
14031,0.0,36.37387387296452,93.4,33.22954954918581
14032,0.0,36.37387387296452,93.2,33.18954954918581
14033,0.0,36.37387387296452,91.3,32.80954954918581
14034,0.0,36.37387387296452,83.5,31.249549549185808
14035,0.0,36.37387387296452,89.9,32.52954954918581
14036,0.0,36.37387387296452,89.8,32.50954954918581
14037,0.0,36.37387387296452,90.7,32.68954954918581
14039,0.0,36.37387387296452,89.5,32.44954954918581
14040,0.0,36.37387387296452,90.2,32.58954954918581
14041,0.0,36.37387387296452,87.9,32.12954954918581
14042,0.0,36.37387387296452,88.2,32.18954954918581
14043,0.0,36.37387387296452,90.3,32.60954954918581
14047,0.0,36.37387387296452,91.0,32.74954954918581
14048,29.713053069801916,49.99999999875,84.3,48.74522122742077
14051,0.0,36.37387387296452,93.9,33.32954954918581
14052,0.0,36.37387387296452,92.8,33.10954954918581
14054,0.0,36.37387387296452,89.6,32.46954954918581
14055,0.0,36.37387387296452,90.7,32.68954954918581
14057,0.0,36.37387387296452,91.2,32.789549549185814
14058,0.0,36.37387387296452,87.8,32.10954954918581
14059,0.0,36.37387387296452,92.7,33.08954954918581
14060,0.0,36.37387387296452,88.7,32.289549549185814
14061,0.0,36.37387387296452,89.8,32.50954954918581
14062,0.0,36.37387387296452,89.2,32.38954954918581
14063,0.0,36.37387387296452,89.9,32.52954954918581
14065,0.0,36.37387387296452,88.4,32.22954954918581
14066,0.0,36.37387387296452,88.4,32.22954954918581
14067,0.0,36.37387387296452,90.2,32.58954954918581
14068,0.0,36.37387387296452,93.4,33.22954954918581
14069,0.0,36.37387387296452,90.9,32.72954954918581
14070,0.0,36.37387387296452,84.3,31.40954954918581
14072,0.0,36.37387387296452,92.2,32.98954954918581
14075,0.0,36.37387387296452,92.1,32.96954954918581
14080,0.0,36.37387387296452,90.5,32.649549549185814
14081,0.0,36.37387387296452,88.8,32.30954954918581
14082,0.0,36.37387387296452,89.5,32.44954954918581
14085,0.0,36.37387387296452,91.9,32.929549549185815
14086,0.0,36.37387387296452,92.0,32.94954954918581
14091,0.0,36.37387387296452,89.0,32.34954954918581
14092,33.68755567949802,49.99999999875,92.0,51.875022271299216
14094,0.0,36.37387387296452,89.5,32.44954954918581
14098,0.0,36.37387387296452,87.7,32.08954954918581
14101,0.0,36.37387387296452,88.8,32.30954954918581
14102,0.0,36.37387387296452,91.8,32.90954954918581
14103,33.572971401704635,36.37387387296452,88.6,45.69873810986766
14105,0.0,36.37387387296452,89.8,32.50954954918581
14108,0.0,36.37387387296452,89.8,32.50954954918581
14109,0.0,36.37387387296452,90.3,32.60954954918581
14111,0.0,36.37387387296452,89.7,32.48954954918581
14112,0.0,36.37387387296452,89.8,32.50954954918581
14113,0.0,36.37387387296452,89.4,32.429549549185815
14120,0.0,36.37387387296452,90.6,32.66954954918581
14125,0.0,36.37387387296452,88.8,32.30954954918581
14126,0.0,36.37387387296452,90.0,32.54954954918581
14127,0.0,36.37387387296452,92.6,33.06954954918581
14129,0.0,36.37387387296452,88.3,32.20954954918581
14130,0.0,36.37387387296452,88.6,32.26954954918581
14131,0.0,36.37387387296452,90.5,32.649549549185814
14132,0.0,36.37387387296452,90.8,32.70954954918581
14134,0.0,36.37387387296452,90.7,32.68954954918581
14135,0.0,36.37387387296452,89.9,32.52954954918581
14136,0.0,36.37387387296452,89.5,32.44954954918581
14138,0.0,36.37387387296452,86.5,31.84954954918581
14139,0.0,36.37387387296452,92.1,32.96954954918581
14141,38.51330916888834,36.37387387296452,90.1,47.974873216741145
14143,0.0,36.37387387296452,91.0,32.74954954918581
14145,0.0,36.37387387296452,90.1,32.56954954918581
14150,0.0,36.37387387296452,90.7,32.68954954918581
14167,0.0,36.37387387296452,90.0,32.54954954918581
14169,0.0,36.37387387296452,91.8,32.90954954918581
14170,0.0,36.37387387296452,92.6,33.06954954918581
14171,0.0,36.37387387296452,90.2,32.58954954918581
14172,0.0,36.37387387296452,90.8,32.70954954918581
14173,0.0,36.37387387296452,88.4,32.22954954918581
14174,0.0,36.37387387296452,91.5,32.84954954918581
14201,0.0,36.37387387296452,81.0,30.749549549185808
14202,0.0,36.37387387296452,87.3,32.00954954918581
14203,0.0,36.37387387296452,84.6,31.469549549185807
14204,0.0,36.37387387296452,81.7,30.88954954918581
14206,0.0,36.37387387296452,86.5,31.84954954918581
14207,0.0,36.37387387296452,81.8,30.90954954918581
14208,0.0,36.37387387296452,85.0,31.549549549185812
14209,0.0,36.37387387296452,88.5,32.24954954918581
14210,30.036231361773574,49.99999999875,86.0,49.214492544209435
14211,0.0,36.37387387296452,82.3,31.009549549185813
14212,0.0,36.37387387296452,83.6,31.26954954918581
14213,0.0,36.37387387296452,81.5,30.84954954918581
14214,26.328793274357864,49.99999999875,88.9,48.31151730924315
14215,18.312387321113455,24.999999999375,85.1,34.34495492819538
14216,0.0,36.37387387296452,90.0,32.54954954918581
14217,24.263849034851866,24.999999999375,91.2,37.94553961369075
14218,0.0,36.37387387296452,86.2,31.789549549185814
14219,0.0,36.37387387296452,89.7,32.48954954918581
14220,23.894213493360244,24.999999999375,89.0,37.3576853970941
14221,0.0,36.37387387296452,93.1,33.16954954918581
14222,0.0,36.37387387296452,90.2,32.58954954918581
14223,0.0,36.37387387296452,92.0,32.94954954918581
14224,0.0,36.37387387296452,91.4,32.82954954918581
14225,0.0,36.37387387296452,89.7,32.48954954918581
14226,0.0,36.37387387296452,92.0,32.94954954918581
14227,0.0,36.37387387296452,90.4,32.62954954918581
14228,0.0,36.37387387296452,90.9,32.72954954918581
14261,0.0,36.37387387296452,87.4,32.02954954918581
14301,0.0,36.37387387296452,84.6,31.469549549185807
14302,99.99999999853826,24.999999999375,88.3,67.65999999916531
14303,0.0,36.37387387296452,84.5,31.44954954918581
14304,0.0,36.37387387296452,89.8,32.50954954918581
14305,0.0,36.37387387296452,86.5,31.84954954918581
14411,0.0,36.37387387296452,85.9,31.729549549185812
14414,0.0,36.37387387296452,91.1,32.76954954918581
14415,0.0,36.37387387296452,88.2,32.18954954918581
14416,0.0,36.37387387296452,90.5,32.649549549185814
14418,0.0,36.37387387296452,89.8,32.50954954918581
14420,0.0,36.37387387296452,90.4,32.62954954918581
14422,0.0,36.37387387296452,90.1,32.56954954918581
14423,0.0,36.37387387296452,90.0,32.54954954918581
14424,22.629857222214554,0.0,91.5,27.351942888885823
14425,0.0,36.37387387296452,91.3,32.80954954918581
14427,0.0,36.37387387296452,89.4,32.429549549185815
14428,0.0,36.37387387296452,91.6,32.86954954918581
14432,42.62188068783375,49.99999999875,89.5,54.948752274633506
14433,0.0,36.37387387296452,87.0,31.94954954918581
14435,0.0,36.37387387296452,90.6,32.66954954918581
14437,33.30329462627644,24.999999999375,86.6,40.64131785026058
14441,0.0,36.37387387296452,86.1,31.76954954918581
14445,0.0,36.37387387296452,90.6,32.66954954918581
14450,0.0,36.37387387296452,93.5,33.24954954918581
14454,0.0,36.37387387296452,89.5,32.44954954918581
14456,26.13799497243634,24.999999999375,88.3,38.11519798872453
14462,0.0,36.37387387296452,89.2,32.38954954918581
14464,0.0,36.37387387296452,90.7,32.68954954918581
14466,0.0,36.37387387296452,91.0,32.74954954918581
14467,0.0,36.37387387296452,90.9,32.72954954918581
14468,0.0,36.37387387296452,91.9,32.929549549185815
14469,0.0,36.37387387296452,91.2,32.789549549185814
14470,0.0,36.37387387296452,89.0,32.34954954918581
14471,0.0,36.37387387296452,91.3,32.80954954918581
14472,0.0,36.37387387296452,93.5,33.24954954918581
14475,0.0,36.37387387296452,91.1,32.76954954918581
14476,0.0,36.37387387296452,90.6,32.66954954918581
14477,0.0,36.37387387296452,89.9,32.52954954918581
14478,0.0,36.37387387296452,90.9,32.72954954918581
14479,0.0,36.37387387296452,89.6,32.46954954918581
14480,0.0,36.37387387296452,90.9,32.72954954918581
14481,0.0,36.37387387296452,89.2,32.38954954918581
14482,0.0,36.37387387296452,90.2,32.58954954918581
14485,0.0,36.37387387296452,91.4,32.82954954918581
14486,0.0,36.37387387296452,88.3,32.20954954918581
14487,0.0,36.37387387296452,91.2,32.789549549185814
14489,0.0,36.37387387296452,88.0,32.149549549185814
14502,0.0,36.37387387296452,90.9,32.72954954918581
14504,0.0,36.37387387296452,89.0,32.34954954918581
14505,0.0,36.37387387296452,89.1,32.36954954918581
14506,0.0,36.37387387296452,94.5,33.44954954918581
14507,0.0,36.37387387296452,89.6,32.46954954918581
14510,0.0,36.37387387296452,88.6,32.26954954918581
14511,0.0,36.37387387296452,92.0,32.94954954918581
14512,0.0,36.37387387296452,90.7,32.68954954918581
14513,30.67673418708059,49.99999999875,87.8,49.83069367433224
14514,0.0,36.37387387296452,91.0,32.74954954918581
14516,0.0,36.37387387296452,88.3,32.20954954918581
14517,0.0,36.37387387296452,88.4,32.22954954918581
14519,0.0,36.37387387296452,91.3,32.80954954918581
14521,0.0,36.37387387296452,87.5,32.04954954918581
14522,0.0,36.37387387296452,89.8,32.50954954918581
14525,0.0,36.37387387296452,89.8,32.50954954918581
14526,0.0,36.37387387296452,93.1,33.16954954918581
14527,31.789714767939163,36.37387387296452,88.8,45.02543545636148
14529,0.0,36.37387387296452,88.9,32.32954954918581
14530,0.0,36.37387387296452,88.7,32.289549549185814
14532,0.0,36.37387387296452,90.2,32.58954954918581
14533,0.0,36.37387387296452,88.3,32.20954954918581
14534,0.0,36.37387387296452,94.3,33.40954954918581
14536,0.0,36.37387387296452,88.8,32.30954954918581
14537,0.0,36.37387387296452,89.3,32.40954954918581
14539,0.0,36.37387387296452,88.9,32.32954954918581
14541,0.0,36.37387387296452,80.8,30.70954954918581
14542,0.0,36.37387387296452,88.1,32.16954954918581
14543,0.0,36.37387387296452,92.9,33.12954954918581
14544,0.0,36.37387387296452,90.2,32.58954954918581
14545,0.0,36.37387387296452,89.4,32.429549549185815
14546,0.0,36.37387387296452,91.4,32.82954954918581
14548,0.0,36.37387387296452,89.8,32.50954954918581
14549,0.0,36.37387387296452,89.9,32.52954954918581
14550,0.0,36.37387387296452,88.2,32.18954954918581
14551,0.0,36.37387387296452,87.3,32.00954954918581
14555,0.0,36.37387387296452,90.0,32.54954954918581
14559,0.0,36.37387387296452,91.8,32.90954954918581
14560,0.0,36.37387387296452,90.8,32.70954954918581
14561,0.0,36.37387387296452,90.2,32.58954954918581
14564,0.0,36.37387387296452,93.2,33.18954954918581
14568,0.0,36.37387387296452,91.4,32.82954954918581
14569,41.50031944431742,36.37387387296452,89.3,49.00967732691278
14571,0.0,36.37387387296452,89.4,32.429549549185815
14572,0.0,36.37387387296452,89.1,32.36954954918581
14580,0.0,36.37387387296452,92.5,33.04954954918581
14585,0.0,36.37387387296452,91.8,32.90954954918581
14586,0.0,36.37387387296452,89.8,32.50954954918581
14588,0.0,36.37387387296452,77.2,29.98954954918581
14589,0.0,36.37387387296452,89.0,32.34954954918581
14590,0.0,36.37387387296452,87.2,31.98954954918581
14591,0.0,36.37387387296452,89.4,32.429549549185815
14592,0.0,36.37387387296452,88.1,32.16954954918581
14604,0.0,36.37387387296452,83.8,31.30954954918581
14605,0.0,36.37387387296452,74.7,29.48954954918581
14606,0.0,36.37387387296452,85.2,31.58954954918581
14607,0.0,36.37387387296452,90.3,32.60954954918581
14608,0.0,36.37387387296452,79.9,30.529549549185813
14609,0.0,36.37387387296452,85.1,31.56954954918581
14610,0.0,36.37387387296452,92.2,32.98954954918581
14611,27.90916817663131,36.37387387296452,81.1,41.933216819838336
14612,0.0,36.37387387296452,90.6,32.66954954918581
14613,0.0,36.37387387296452,80.3,30.609549549185807
14614,0.0,36.37387387296452,81.1,30.76954954918581
14615,0.0,36.37387387296452,85.7,31.689549549185813
14616,0.0,36.37387387296452,89.2,32.38954954918581
14617,24.618456230046586,24.999999999375,92.1,38.26738249176863
14618,0.0,36.37387387296452,93.4,33.22954954918581
14619,0.0,36.37387387296452,85.0,31.549549549185812
14620,0.0,36.37387387296452,90.0,32.54954954918581
14621,20.11120781385931,24.999999999375,76.6,33.364483125293724
14622,0.0,36.37387387296452,90.4,32.62954954918581
14623,0.0,36.37387387296452,88.4,32.22954954918581
14624,0.0,36.37387387296452,91.0,32.74954954918581
14625,0.0,36.37387387296452,92.7,33.08954954918581
14626,21.41866836024187,24.999999999375,90.3,36.627467343846746
14627,0.0,36.37387387296452,87.5,32.04954954918581
14701,18.12378516664728,49.99999999875,86.8,44.609514066158916
14706,0.0,36.37387387296452,90.3,32.60954954918581
14707,0.0,36.37387387296452,89.4,32.429549549185815
14708,0.0,36.37387387296452,89.3,32.40954954918581
14709,0.0,36.37387387296452,89.2,32.38954954918581
14710,0.0,36.37387387296452,90.3,32.60954954918581
14711,0.0,36.37387387296452,88.2,32.18954954918581
14712,0.0,36.37387387296452,91.2,32.789549549185814
14714,0.0,36.37387387296452,87.8,32.10954954918581
14715,0.0,36.37387387296452,88.7,32.289549549185814
14716,0.0,36.37387387296452,84.3,31.40954954918581
14717,0.0,36.37387387296452,88.5,32.24954954918581
14718,0.0,36.37387387296452,88.4,32.22954954918581
14719,0.0,36.37387387296452,87.4,32.02954954918581
14720,0.0,36.37387387296452,89.6,32.46954954918581
14721,0.0,36.37387387296452,88.9,32.32954954918581
14722,0.0,36.37387387296452,91.6,32.86954954918581
14723,0.0,36.37387387296452,88.3,32.20954954918581
14724,0.0,36.37387387296452,86.7,31.88954954918581
14726,0.0,36.37387387296452,86.6,31.869549549185813
14727,43.305794259151305,36.37387387296452,89.1,49.691867252846336
14728,0.0,36.37387387296452,89.1,32.36954954918581
14729,0.0,36.37387387296452,89.9,32.52954954918581
14731,0.0,36.37387387296452,90.5,32.649549549185814
14732,0.0,36.37387387296452,88.6,32.26954954918581
14733,0.0,36.37387387296452,88.7,32.289549549185814
14735,0.0,36.37387387296452,89.3,32.40954954918581
14736,0.0,36.37387387296452,88.4,32.22954954918581
14737,0.0,36.37387387296452,88.2,32.18954954918581
14738,0.0,36.37387387296452,90.0,32.54954954918581
14739,0.0,36.37387387296452,88.2,32.18954954918581
14740,0.0,36.37387387296452,89.4,32.429549549185815
14741,0.0,36.37387387296452,89.5,32.44954954918581
14742,0.0,36.37387387296452,91.7,32.88954954918581
14743,0.0,36.37387387296452,89.1,32.36954954918581
14744,0.0,36.37387387296452,89.3,32.40954954918581
14747,0.0,36.37387387296452,88.4,32.22954954918581
14748,0.0,36.37387387296452,88.1,32.16954954918581
14750,0.0,36.37387387296452,91.3,32.80954954918581
14752,0.0,36.37387387296452,90.9,32.72954954918581
14753,0.0,36.37387387296452,90.4,32.62954954918581
14754,0.0,36.37387387296452,88.9,32.32954954918581
14755,0.0,36.37387387296452,88.1,32.16954954918581
14756,0.0,36.37387387296452,91.7,32.88954954918581
14757,0.0,36.37387387296452,89.0,32.34954954918581
14760,26.964770824600752,0.0,88.9,28.565908329840305
14767,0.0,36.37387387296452,88.3,32.20954954918581
14769,0.0,36.37387387296452,87.7,32.08954954918581
14770,0.0,36.37387387296452,88.7,32.289549549185814
14772,0.0,36.37387387296452,87.9,32.12954954918581
14774,0.0,36.37387387296452,88.3,32.20954954918581
14775,0.0,36.37387387296452,88.5,32.24954954918581
14777,0.0,36.37387387296452,88.6,32.26954954918581
14778,0.0,36.37387387296452,89.0,32.34954954918581
14779,0.0,36.37387387296452,86.5,31.84954954918581
14781,0.0,36.37387387296452,87.2,31.98954954918581
14782,0.0,36.37387387296452,88.7,32.289549549185814
14783,0.0,36.37387387296452,87.0,31.94954954918581
14784,0.0,36.37387387296452,88.8,32.30954954918581
14787,44.17028192678435,36.37387387296452,89.5,50.11766231989955
14788,0.0,36.37387387296452,88.6,32.26954954918581
14801,0.0,36.37387387296452,88.2,32.18954954918581
14802,0.0,36.37387387296452,89.3,32.40954954918581
14803,0.0,36.37387387296452,90.6,32.66954954918581
14804,0.0,36.37387387296452,90.8,32.70954954918581
14805,0.0,36.37387387296452,89.5,32.44954954918581
14806,0.0,36.37387387296452,89.8,32.50954954918581
14807,0.0,36.37387387296452,89.6,32.46954954918581
14808,0.0,36.37387387296452,88.9,32.32954954918581
14809,0.0,36.37387387296452,89.1,32.36954954918581
14810,32.26833858131833,36.37387387296452,87.7,44.99688498171315
14812,0.0,36.37387387296452,88.9,32.32954954918581
14813,0.0,36.37387387296452,88.2,32.18954954918581
14814,0.0,36.37387387296452,92.0,32.94954954918581
14815,0.0,36.37387387296452,89.2,32.38954954918581
14816,0.0,36.37387387296452,91.0,32.74954954918581
14817,0.0,36.37387387296452,91.9,32.929549549185815
14818,0.0,36.37387387296452,91.5,32.84954954918581
14819,0.0,36.37387387296452,87.1,31.969549549185807
14820,0.0,36.37387387296452,87.4,32.02954954918581
14821,0.0,36.37387387296452,89.0,32.34954954918581
14822,0.0,36.37387387296452,90.1,32.56954954918581
14823,0.0,36.37387387296452,89.5,32.44954954918581
14824,0.0,36.37387387296452,89.2,32.38954954918581
14825,0.0,36.37387387296452,89.0,32.34954954918581
14826,0.0,36.37387387296452,89.0,32.34954954918581
14827,0.0,36.37387387296452,92.4,33.02954954918581
14830,26.28260940246781,74.999999998125,90.5,58.613043760237126
14836,0.0,36.37387387296452,88.8,32.30954954918581
14837,0.0,36.37387387296452,88.7,32.289549549185814
14838,0.0,36.37387387296452,89.8,32.50954954918581
14839,0.0,36.37387387296452,87.3,32.00954954918581
14840,0.0,36.37387387296452,90.6,32.66954954918581
14841,0.0,36.37387387296452,91.0,32.74954954918581
14842,0.0,36.37387387296452,89.0,32.34954954918581
14843,31.56650002977201,24.999999999375,88.2,40.26660001165881
14845,0.0,36.37387387296452,90.7,32.68954954918581
14846,0.0,36.37387387296452,88.8,32.30954954918581
14847,0.0,36.37387387296452,90.2,32.58954954918581
14850,13.77061762645813,74.999999998125,90.6,53.62824704983326
14853,0.0,36.37387387296452,88.5,32.24954954918581
14855,0.0,36.37387387296452,87.1,31.969549549185807
14856,0.0,36.37387387296452,86.6,31.869549549185813
14858,0.0,36.37387387296452,90.1,32.56954954918581
14859,0.0,36.37387387296452,89.1,32.36954954918581
14860,0.0,36.37387387296452,88.8,32.30954954918581
14861,0.0,36.37387387296452,89.6,32.46954954918581
14864,0.0,36.37387387296452,90.3,32.60954954918581
14865,53.68538038891766,36.37387387296452,89.4,53.903701704752876
14867,0.0,36.37387387296452,90.5,32.649549549185814
14869,0.0,36.37387387296452,89.1,32.36954954918581
14870,0.0,36.37387387296452,91.4,32.82954954918581
14871,0.0,36.37387387296452,87.6,32.06954954918581
14872,0.0,36.37387387296452,90.1,32.56954954918581
14873,0.0,36.37387387296452,88.8,32.30954954918581
14874,0.0,36.37387387296452,90.1,32.56954954918581
14877,0.0,36.37387387296452,87.5,32.04954954918581
14878,0.0,36.37387387296452,89.3,32.40954954918581
14879,0.0,36.37387387296452,88.0,32.149549549185814
14880,0.0,36.37387387296452,89.7,32.48954954918581
14881,0.0,36.37387387296452,92.4,33.02954954918581
14882,0.0,36.37387387296452,91.9,32.929549549185815
14883,0.0,36.37387387296452,90.4,32.62954954918581
14884,0.0,36.37387387296452,90.1,32.56954954918581
14885,0.0,36.37387387296452,87.0,31.94954954918581
14886,0.0,36.37387387296452,92.1,32.96954954918581
14889,0.0,36.37387387296452,89.5,32.44954954918581
14891,0.0,36.37387387296452,89.1,32.36954954918581
14892,0.0,36.37387387296452,88.3,32.20954954918581
14894,0.0,36.37387387296452,89.4,32.429549549185815
14895,35.572224831766114,74.999999998125,89.4,62.108889931956455
14897,0.0,36.37387387296452,88.8,32.30954954918581
14898,0.0,36.37387387296452,87.2,31.98954954918581
14901,0.0,36.37387387296452,83.5,31.249549549185808
14903,0.0,36.37387387296452,89.9,32.52954954918581
14904,0.0,36.37387387296452,87.9,32.12954954918581
14905,36.35370918528462,0.0,90.9,32.721483674113855
