zip_code,lat,lng
06390,41.27027,-71.98886
10001,40.75064,-73.99728
10002,40.71597,-73.98692
10003,40.73184,-73.98915
10004,40.69431,-74.01835
10005,40.70614,-74.00862
10006,40.70949,-74.01306
10007,40.71387,-74.00792
10009,40.72639,-73.97865
10010,40.73899,-73.98243
10011,40.74173,-74.00037
10012,40.7256,-73.99794
10013,40.72001,-74.00472
10014,40.73407,-74.00601
10016,40.74515,-73.97807
10017,40.75235,-73.9726
10018,40.75536,-73.99265
10019,40.76586,-73.9853
10020,40.75917,-73.98071
10021,40.76963,-73.95899
10022,40.75856,-73.96787
10023,40.77464,-73.97836
10024,40.78534,-73.97138
10025,40.79825,-73.96831
10026,40.80302,-73.95348
10027,40.81187,-73.95459
10028,40.77643,-73.95339
10029,40.79265,-73.94788
10030,40.81826,-73.94283
10031,40.82485,-73.95023
10032,40.839,-73.94282
10033,40.84744,-73.93549
10034,40.86749,-73.92358
10035,40.79538,-73.92965
10036,40.75976,-73.99064
10037,40.81302,-73.93776
10038,40.70914,-74.00298
10039,40.82631,-73.93752
10040,40.85807,-73.9296
10044,40.76209,-73.94981
10065,40.76472,-73.96332
10069,40.77752,-73.98875
10075,40.77342,-73.95642
10103,40.76078,-73.97767
10110,40.7545,-73.98226
10111,40.75953,-73.97858
10112,40.75891,-73.97904
10115,40.81085,-73.96374
10119,40.75064,-73.99273
10128,40.78151,-73.95018
10152,40.75872,-73.9718
10153,40.76362,-73.97244
10154,40.75778,-73.97249
10162,40.76936,-73.94986
10165,40.75213,-73.97872
10167,40.75465,-73.97477
10168,40.75145,-73.9771
10169,40.75467,-73.97643
10170,40.75263,-73.97588
10171,40.7559,-73.97386
10172,40.75527,-73.97431
10173,40.75379,-73.97961
10174,40.75144,-73.975
10177,40.75498,-73.97589
10199,40.75138,-73.99715
10271,40.70844,-74.01033
10278,40.71513,-74.00373
10279,40.71263,-74.00867
10280,40.70985,-74.01651
10282,40.71655,-74.01495
10301,40.62803,-74.09564
10302,40.63055,-74.13776
10303,40.63223,-74.16903
10304,40.60671,-74.0931
10305,40.59592,-74.07539
10306,40.57149,-74.1243
10307,40.50817,-74.24254
10308,40.55213,-74.15029
10309,40.53001,-74.21912
10310,40.63243,-74.11653
10311,40.60523,-74.17956
10312,40.54489,-74.18084
10314,40.60086,-74.16306
10451,40.82097,-73.92383
10452,40.8378,-73.92333
10453,40.85248,-73.9133
10454,40.8056,-73.91664
10455,40.8148,-73.90862
10456,40.83064,-73.90812
10457,40.84571,-73.89794
10458,40.86249,-73.88643
10459,40.82572,-73.89295
10460,40.84273,-73.87891
10461,40.84671,-73.84079
10462,40.84297,-73.85873
10463,40.88841,-73.89905
10464,40.86821,-73.80044
10465,40.8286,-73.82179
10466,40.89104,-73.8461
10467,40.87522,-73.872
10468,40.8681,-73.89985
10469,40.86851,-73.84666
10470,40.89598,-73.86805
10471,40.90002,-73.9067
10472,40.82968,-73.86942
10473,40.81817,-73.85889
10474,40.81061,-73.8846
10475,40.87528,-73.82702
10501,41.2954,-73.76006
10502,41.01126,-73.8409
10503,41.02654,-73.8753
10504,41.13065,-73.70629
10505,41.34207,-73.74791
10506,41.1889,-73.63411
10507,41.22879,-73.6878
10509,41.41205,-73.5937
10510,41.14152,-73.83411
10511,41.26302,-73.94391
10512,41.4483,-73.71054
10514,41.17331,-73.77071
10516,41.45342,-73.90233
10517,41.29837,-73.86013
10518,41.26787,-73.60073
10519,41.34701,-73.66196
10520,41.22183,-73.87348
10522,41.01221,-73.8646
10523,41.06005,-73.81859
10524,41.37076,-73.92201
10526,41.29388,-73.66171
10527,41.3195,-73.76502
10528,40.97819,-73.72306
10530,41.02304,-73.80764
10532,41.09873,-73.80066
10533,41.03826,-73.8556
10535,41.33536,-73.79965
10536,41.26971,-73.68943
10537,41.33784,-73.88528
10538,40.9376,-73.75707
10540,41.32575,-73.72745
10541,41.37855,-73.75122
10542,41.37115,-73.76436
10543,40.95274,-73.73645
10545,41.17861,-73.83547
10546,41.19472,-73.8002
10547,41.31178,-73.84637
10548,41.24599,-73.93643
10549,41.19981,-73.72028
10550,40.90627,-73.8351
10552,40.92376,-73.82497
10553,40.90858,-73.82161
10560,41.33303,-73.60264
10562,41.19295,-73.8305
10566,41.28924,-73.91837
10567,41.28922,-73.89633
10570,41.12854,-73.78917
10573,41.01676,-73.67735
10576,41.21323,-73.57289
10577,41.03755,-73.71349
10578,41.31815,-73.673
10579,41.39651,-73.83384
10580,40.97854,-73.69258
10583,40.98916,-73.79443
10588,41.33222,-73.82624
10589,41.33178,-73.6933
10590,41.25421,-73.53719
10591,41.08436,-73.84653
10594,41.11579,-73.771
10595,41.08626,-73.78097
10596,41.25552,-73.95854
10597,41.29423,-73.59703
10598,41.28309,-73.79516
10601,41.03288,-73.7648
10603,41.05364,-73.78014
10604,41.06013,-73.73955
10605,41.0095,-73.74518
10606,41.02065,-73.77588
10607,41.03949,-73.81214
10701,40.94702,-73.88034
10703,40.95765,-73.88114
10704,40.91911,-73.86187
10705,40.91929,-73.88928
10706,40.99047,-73.86951
10707,40.95961,-73.82291
10708,40.9379,-73.83167
10709,40.95337,-73.80885
10710,40.96732,-73.84739
10801,40.91751,-73.78396
10803,40.89978,-73.80619
10804,40.94914,-73.78629
10805,40.89593,-73.78028
10901,41.14554,-74.12504
10910,41.2773,-74.13625
10911,41.30798,-73.99243
10913,41.06845,-73.95574
10914,41.41671,-74.20087
10915,41.54022,-74.35714
10916,41.44881,-74.24311
10917,41.31851,-74.11094
10918,41.34816,-74.25828
10919,41.52836,-74.38327
10920,41.15477,-73.9393
10921,41.3292,-74.3651
10922,41.32794,-73.99604
10923,41.20265,-74.00031
10924,41.3788,-74.3512
10925,41.20076,-74.29535
10926,41.25856,-74.1307
10927,41.19263,-73.96735
10928,41.3457,-74.00265
10930,41.3667,-74.11035
10931,41.12769,-74.17012
10932,41.482,-74.46352
10933,41.36527,-74.51106
10940,41.45149,-74.46997
10941,41.48923,-74.34556
10950,41.31919,-74.19825
10952,41.11385,-74.07975
10953,41.40581,-74.07783
10954,41.09969,-74.01269
10956,41.15562,-73.99314
10958,41.3764,-74.42881
10960,41.08892,-73.92642
10962,41.04857,-73.96057
10963,41.4669,-74.54121
10964,41.01642,-73.91431
10965,41.06176,-74.01286
10968,41.03976,-73.91804
10969,41.292,-74.48879
10970,41.1852,-74.06568
10973,41.38442,-74.47566
10974,41.15826,-74.18993
10975,41.25951,-74.17042
10976,41.02871,-73.92594
10977,41.11749,-74.04825
10979,41.18237,-74.31877
10980,41.23157,-74.05709
10983,41.02747,-73.94826
10984,41.20928,-74.02008
10985,41.57697,-74.35782
10986,41.27917,-73.99445
10987,41.20737,-74.22284
10988,41.30133,-74.56218
10989,41.12479,-73.93632
10990,41.2651,-74.3663
10992,41.42648,-74.16567
10993,41.21011,-73.97565
10994,41.09702,-73.97322
10996,41.38996,-73.97257
10998,41.33118,-74.53989
11001,40.72356,-73.70451
11003,40.70143,-73.7078
11004,40.74621,-73.71147
11005,40.75661,-73.71424
11010,40.70066,-73.67514
11020,40.77098,-73.71293
11021,40.78644,-73.7289
11023,40.7994,-73.73282
11024,40.81642,-73.74205
11030,40.79293,-73.68868
11040,40.74572,-73.67979
11042,40.75854,-73.6975
11050,40.83815,-73.69113
11096,40.62143,-73.75292
11101,40.74679,-73.93916
11102,40.77161,-73.92619
11103,40.76261,-73.91334
11104,40.74484,-73.92049
11105,40.779,-73.90652
11106,40.76191,-73.93169
11109,40.7463,-73.95699
11201,40.69477,-73.99031
11203,40.64958,-73.93431
11204,40.61883,-73.98496
11205,40.69654,-73.96807
11206,40.7019,-73.94254
11207,40.67016,-73.89383
11208,40.67481,-73.87243
11209,40.62175,-74.03013
11210,40.62801,-73.94631
11211,40.71428,-73.94602
11212,40.6629,-73.91308
11213,40.67117,-73.93632
11214,40.59928,-73.99644
11215,40.66255,-73.98687
11216,40.68085,-73.94929
11217,40.68242,-73.97943
11218,40.64315,-73.97645
11219,40.63267,-73.99672
11220,40.64142,-74.01741
11221,40.6914,-73.92764
11222,40.72862,-73.94764
11223,40.59711,-73.97344
11224,40.57652,-73.9891
11225,40.6631,-73.95392
11226,40.64636,-73.95666
11228,40.61678,-74.01337
11229,40.60047,-73.94453
11230,40.6221,-73.96525
11231,40.67603,-74.00644
11232,40.65692,-74.00727
11233,40.67827,-73.91994
11234,40.6072,-73.91107
11235,40.58411,-73.94331
11236,40.63951,-73.90098
11237,40.70427,-73.92108
11238,40.67105,-73.96636
11239,40.64733,-73.87136
11249,40.71121,-73.96318
11354,40.7686,-73.82743
11355,40.75143,-73.82125
11356,40.78492,-73.84149
11357,40.78636,-73.81094
11358,40.76038,-73.79648
11359,40.79147,-73.77662
11360,40.7805,-73.78159
11361,40.76393,-73.77294
11362,40.75899,-73.73583
11363,40.77251,-73.74708
11364,40.74625,-73.75598
11365,40.73983,-73.79499
11366,40.73112,-73.7804
11367,40.73044,-73.82274
11368,40.74962,-73.85264
11369,40.76345,-73.87222
11370,40.77554,-73.88766
11371,40.77445,-73.87316
11372,40.75172,-73.88367
11373,40.73892,-73.87854
11374,40.72647,-73.86144
11375,40.72315,-73.84373
11377,40.74483,-73.90516
11378,40.72493,-73.91034
11379,40.71709,-73.88056
11385,40.70103,-73.89011
11411,40.69406,-73.73623
11412,40.69804,-73.759
11413,40.67002,-73.75116
11414,40.65818,-73.8448
11415,40.70808,-73.82801
11416,40.68458,-73.84967
11417,40.67641,-73.84455
11418,40.70032,-73.83603
11419,40.68863,-73.82302
11420,40.67352,-73.8177
11421,40.69403,-73.85865
11422,40.66053,-73.73658
11423,40.71564,-73.76826
11424,40.71397,-73.82809
11426,40.73641,-73.7223
11427,40.73094,-73.74569
11428,40.72099,-73.74222
11429,40.70958,-73.73843
11430,40.64703,-73.78717
11432,40.71491,-73.79295
11433,40.69805,-73.78675
11434,40.67683,-73.77623
11435,40.70111,-73.80968
11436,40.67587,-73.79664
11439,40.72195,-73.79455
11451,40.7012,-73.79579
11501,40.74629,-73.63921
11507,40.77082,-73.6521
11509,40.58872,-73.7286
11510,40.65027,-73.60809
11514,40.74979,-73.61298
11516,40.6258,-73.7263
11518,40.63772,-73.66691
11520,40.65007,-73.58305
11530,40.72716,-73.63654
11542,40.87073,-73.62879
11545,40.82685,-73.58853
11547,40.82881,-73.64505
11548,40.81414,-73.6097
11549,40.71896,-73.59973
11550,40.70158,-73.62039
11552,40.6916,-73.65073
11553,40.70529,-73.5923
11554,40.71974,-73.56044
11556,40.71997,-73.58327
11557,40.63723,-73.6921
11558,40.60539,-73.64952
11559,40.60615,-73.71688
11560,40.88068,-73.59057
11561,40.58969,-73.64455
11563,40.65746,-73.67408
11565,40.67505,-73.67177
11566,40.66307,-73.55407
11568,40.78659,-73.59719
11569,40.5903,-73.58046
11570,40.66504,-73.63882
11572,40.63231,-73.63686
11575,40.68044,-73.58525
11576,40.79791,-73.64711
11577,40.78288,-73.6391
11579,40.84406,-73.64426
11580,40.67491,-73.70374
11581,40.65153,-73.71653
11590,40.75541,-73.57463
11596,40.75968,-73.6422
11598,40.63109,-73.71188
11691,40.60152,-73.76173
11692,40.59373,-73.79201
11693,40.59649,-73.81663
11694,40.57532,-73.85099
11697,40.55749,-73.91361
11701,40.6817,-73.41289
11702,40.65155,-73.33824
11703,40.73325,-73.32533
11704,40.71623,-73.35908
11705,40.74514,-73.05461
11706,40.706,-73.24208
11709,40.90665,-73.56005
11710,40.67217,-73.53293
11713,40.77774,-72.94253
11714,40.74267,-73.48615
11715,40.75005,-73.03531
11716,40.77131,-73.12729
11717,40.78405,-73.25223
11718,40.71891,-73.26391
11719,40.77935,-72.91175
11720,40.87025,-73.08202
11721,40.89362,-73.37009
11722,40.78358,-73.19657
11724,40.86522,-73.45288
11725,40.84056,-73.28085
11726,40.67891,-73.39564
11727,40.88019,-73.00368
11729,40.76249,-73.32161
11730,40.72701,-73.18456
11731,40.86262,-73.31703
11732,40.84245,-73.53916
11733,40.93742,-73.10544
11735,40.73177,-73.43284
11738,40.83779,-73.03761
11739,40.71058,-73.16275
11740,40.86536,-73.36118
11741,40.79473,-73.07043
11742,40.81034,-73.0419
11743,40.88018,-73.4266
11746,40.81421,-73.3608
11747,40.78372,-73.40931
11749,40.80674,-73.1708
11751,40.72999,-73.21424
11752,40.75791,-73.17359
11753,40.78976,-73.5411
11754,40.88771,-73.24738
11755,40.8583,-73.11748
11756,40.72545,-73.51656
11757,40.68892,-73.37356
11758,40.65361,-73.45626
11762,40.68283,-73.44707
11763,40.82529,-72.98245
11764,40.93585,-72.97544
11765,40.88249,-73.55862
11766,40.93602,-73.01645
11767,40.84438,-73.14535
11768,40.91052,-73.32611
11769,40.73703,-73.12929
11770,40.64945,-73.14123
11771,40.8674,-73.52651
11772,40.76118,-72.9875
11776,40.91345,-73.04567
11777,40.95171,-73.0645
11778,40.94312,-72.93073
11779,40.8127,-73.1156
11780,40.89249,-73.16973
11782,40.73727,-73.08024
11783,40.67766,-73.49068
11784,40.86855,-73.0422
11786,40.94711,-72.88939
11787,40.85338,-73.21089
11788,40.81808,-73.21318
11789,40.95759,-72.97214
11790,40.90719,-73.12777
11791,40.82819,-73.50282
11792,40.94832,-72.8302
11793,40.6462,-73.51024
11794,40.91915,-73.12475
11795,40.70803,-73.29827
11796,40.72958,-73.09986
11797,40.81739,-73.47004
11798,40.752,-73.37497
11801,40.76256,-73.52383
11803,40.78177,-73.4733
11804,40.75829,-73.45706
11901,40.92424,-72.64697
11930,40.98877,-72.10482
11931,40.93347,-72.62195
11932,40.93322,-72.30603
11933,40.92449,-72.75453
11934,40.80201,-72.79428
11935,41.01795,-72.48933
11937,40.99714,-72.20253
11939,41.12627,-72.34223
11940,40.80819,-72.75664
11941,40.83311,-72.72315
11942,40.84901,-72.57764
11944,41.09888,-72.37223
11946,40.87033,-72.52294
11947,40.94302,-72.58189
11948,40.9662,-72.55797
11949,40.86496,-72.80097
11950,40.80627,-72.84734
11951,40.76624,-72.83655
11952,40.99716,-72.54369
11953,40.88585,-72.95054
11954,41.04458,-71.9518
11955,40.80777,-72.82289
11956,40.98067,-72.46868
11957,41.1492,-72.26181
11958,41.03688,-72.4613
11959,40.82903,-72.60977
11960,40.80894,-72.70615
11961,40.90458,-72.88488
11962,40.93715,-72.27379
11963,40.99921,-72.32271
11964,41.05743,-72.31492
11965,41.07727,-72.34244
11967,40.80092,-72.87611
11968,40.90035,-72.42081
11970,40.94029,-72.57403
11971,41.05949,-72.42617
11972,40.82362,-72.70045
11973,40.86583,-72.88718
11975,40.95146,-72.25093
11976,40.92986,-72.34721
11977,40.82769,-72.67947
11978,40.82878,-72.64669
11980,40.8321,-72.92198
12007,42.48889,-73.93159
12008,42.85367,-73.9063
12009,42.69824,-74.03398
12010,42.93752,-74.17287
12015,42.28315,-73.82543
12017,42.31453,-73.45682
12018,42.62926,-73.52662
12019,42.92993,-73.88245
12020,43.00208,-73.87401
12022,42.66653,-73.33401
12023,42.60656,-74.16573
12024,42.48134,-73.53419
12025,43.09142,-74.11924
12027,42.92122,-73.90872
12028,42.94545,-73.44213
12029,42.40397,-73.42466
12031,42.76579,-74.46617
12032,43.24042,-74.55666
12033,42.53665,-73.70558
12035,42.73453,-74.37534
12036,42.53564,-74.68468
12037,42.33506,-73.55714
12040,42.63047,-73.35916
12041,42.55893,-73.97028
12042,42.38185,-73.89162
12043,42.70357,-74.5267
12045,42.47974,-73.79682
12046,42.48864,-73.92119
12047,42.78396,-73.72655
12051,42.34493,-73.83938
12052,42.75767,-73.47847
12053,42.75283,-74.18791
12054,42.60764,-73.86864
12056,42.76761,-74.0905
12057,42.97316,-73.34335
12058,42.3498,-73.923
12059,42.61403,-74.05811
12060,42.41325,-73.49284
12061,42.59915,-73.65658
12062,42.52871,-73.501
12063,42.56442,-73.63826
12064,42.60711,-74.65887
12065,42.85402,-73.78654
12066,42.78011,-74.30291
12067,42.56083,-73.91663
12068,42.95701,-74.40467
12069,42.94336,-74.28193
12070,42.98513,-74.25441
12071,42.56971,-74.41521
12072,42.88102,-74.36164
12074,43.05219,-74.04709
12075,42.30145,-73.64046
12076,42.40868,-74.38506
12077,42.59426,-73.7841
12078,43.12338,-74.36255
12082,42.76998,-73.44672
12083,42.43151,-74.03155
12084,42.70411,-73.90182
12085,42.70043,-73.96659
12086,42.99684,-74.10508
12087,42.42794,-73.8931
12090,42.88073,-73.35624
12092,42.70396,-74.38456
12093,42.49599,-74.6262
12094,42.89091,-73.48737
12095,43.03151,-74.41553
12106,42.38871,-73.71228
12108,43.47045,-74.42768
12110,42.75349,-73.77671
12115,42.46747,-73.59338
12116,42.53849,-74.91278
12117,43.16894,-74.25557
12118,42.92096,-73.72049
12120,42.45781,-74.1409
12121,42.84368,-73.60398
12122,42.54341,-74.31138
12123,42.52239,-73.60636
12124,42.44652,-73.78494
12125,42.47633,-73.40394
12130,42.44156,-73.65835
12131,42.46573,-74.46249
12132,42.47102,-73.63362
12134,43.26533,-74.23059
12136,42.43249,-73.56016
12137,42.85727,-74.12922
12138,42.73735,-73.37128
12139,43.52096,-74.56552
12140,42.689,-73.56689
12143,42.48525,-73.85218
12144,42.63106,-73.71801
12147,42.51365,-74.15147
12148,42.83361,-73.84652
12149,42.62011,-74.56692
12150,42.87613,-74.04923
12151,42.92553,-73.78874
12153,42.63606,-73.46692
12154,42.93713,-73.60124
12155,42.59229,-74.82337
12156,42.47764,-73.74354
12157,42.66742,-74.29892
12158,42.53927,-73.81903
12159,42.64328,-73.88503
12160,42.76325,-74.36619
12161,42.53369,-73.84606
12164,43.62883,-74.42717
12165,42.31518,-73.50756
12166,42.83846,-74.45644
12167,42.42101,-74.59011
12168,42.5614,-73.3751
12169,42.58249,-73.43559
12170,42.99936,-73.66234
12172,42.28915,-73.73895
12173,42.39042,-73.76196
12174,42.35314,-73.72802
12175,42.55489,-74.56161
12176,42.38839,-73.96787
12177,42.95184,-74.28459
12180,42.7516,-73.59997
12182,42.80044,-73.63519
12183,42.74742,-73.69259
12184,42.42272,-73.65387
12185,42.90102,-73.53507
12186,42.62502,-73.9737
12187,42.62632,-74.46537
12188,42.8199,-73.69589
12189,42.73618,-73.71688
12190,43.47359,-74.2733
12192,42.40428,-73.82136
12193,42.51713,-74.04327
12194,42.53839,-74.45431
12195,42.47876,-73.46505
12196,42.63149,-73.61708
12197,42.6094,-74.72587
12198,42.67819,-73.63285
12202,42.63355,-73.763
12203,42.68138,-73.85099
12204,42.68723,-73.72869
12205,42.71719,-73.83006
12206,42.67415,-73.78196
12207,42.65657,-73.74749
12208,42.65293,-73.80835
12209,42.6382,-73.78976
12210,42.66399,-73.75985
12211,42.7083,-73.76393
12222,42.68637,-73.82656
12226,42.67931,-73.80987
12302,42.88188,-73.98323
12303,42.74938,-73.92562
12304,42.77375,-73.89742
12305,42.81219,-73.95036
12306,42.80686,-74.03344
12307,42.80507,-73.93341
12308,42.82152,-73.92006
12309,42.79693,-73.86785
12401,41.93504,-74.05446
12404,41.81602,-74.23632
12405,42.31585,-74.0989
12406,42.09647,-74.56502
12407,42.30075,-74.35343
12409,42.05662,-74.16655
12410,42.0706,-74.45212
12411,41.87975,-74.04094
12412,42.01218,-74.27698
12413,42.31338,-74.02628
12414,42.2211,-73.92356
12416,42.09554,-74.28592
12417,41.9073,-73.98943
12418,42.35863,-74.1609
12419,41.85948,-74.10265
12420,41.6743,-74.37769
12421,42.2512,-74.5336
12422,42.39205,-74.20232
12423,42.37968,-74.11136
12424,42.24689,-74.14358
12427,42.14771,-74.11921
12428,41.73817,-74.44615
12429,41.83323,-73.961
12430,42.20306,-74.49933
12431,42.35877,-74.01843
12432,42.04702,-73.94403
12433,42.00533,-74.15526
12434,42.36491,-74.50793
12435,41.72715,-74.51148
12436,42.20447,-74.0746
12438,42.21251,-74.59667
12439,42.29674,-74.18789
12440,41.78665,-74.16338
12441,42.1502,-74.50625
12442,42.22275,-74.23545
12443,41.93388,-74.08536
12444,42.24942,-74.28993
12446,41.79063,-74.31655
12448,42.07955,-74.20067
12449,41.99377,-73.99338
12450,42.13804,-74.22176
12451,42.30337,-73.94802
12452,42.23891,-74.34986
12453,42.0929,-73.93629
12454,42.2869,-74.15038
12455,42.14871,-74.66334
12456,42.03308,-73.99703
12457,42.03997,-74.24659
12458,41.82273,-74.41666
12459,42.23976,-74.6805
12460,42.42357,-74.16676
12461,41.90531,-74.25246
12463,42.1895,-74.01573
12464,42.04071,-74.34452
12465,42.15278,-74.46725
12466,41.90671,-73.97826
12468,42.29998,-74.41375
12469,42.44521,-74.2421
12470,42.26932,-74.05515
12471,41.83799,-74.04195
12472,41.84732,-74.07447
12473,42.26157,-74.02827
12474,42.29378,-74.58117
12475,42.01397,-74.01332
12477,42.08528,-74.00028
12480,42.13803,-74.37683
12481,41.97519,-74.22718
12482,42.26841,-73.95587
12483,41.66796,-74.44184
12484,41.87024,-74.17338
12485,42.20507,-74.15288
12486,41.83438,-74.06235
12487,41.86095,-73.99555
12489,41.75597,-74.35462
12490,42.12355,-73.9251
12491,41.96957,-74.13311
12492,42.18758,-74.33453
12493,41.79316,-73.97283
12494,41.94857,-74.30169
12495,42.08264,-74.24563
12496,42.32669,-74.27256
12498,42.04772,-74.11007
12501,41.85664,-73.55953
12502,42.08324,-73.65409
12503,42.03615,-73.58139
12504,42.02342,-73.9094
12507,42.00735,-73.92126
12508,41.49637,-73.95351
12512,41.5542,-73.96471
12513,42.21661,-73.71639
12514,41.87137,-73.76274
12515,41.68008,-74.06451
12516,42.10722,-73.55343
12517,42.13392,-73.51103
12518,41.41847,-74.03571
12520,41.43362,-74.00693
12521,42.17071,-73.65164
12522,41.72693,-73.58893
12523,42.08627,-73.75311
12524,41.53092,-73.89245
12525,41.68115,-74.17751
12526,42.12236,-73.85938
12527,41.51931,-73.93703
12528,41.72273,-74.00477
12529,42.21335,-73.53802
12530,42.20692,-73.68413
12531,41.53689,-73.66917
12533,41.55925,-73.79401
12534,42.22434,-73.75427
12538,41.79246,-73.89336
12540,41.67073,-73.72524
12542,41.60772,-73.99666
12543,41.48602,-74.22354
12544,42.26129,-73.66822
12545,41.7914,-73.67251
12546,41.96627,-73.53313
12547,41.65463,-73.98322
12548,41.66307,-74.10157
12549,41.52957,-74.25843
12550,41.53671,-74.05196
12553,41.46146,-74.07311
12561,41.75602,-74.0958
12563,41.49417,-73.5891
12564,41.57827,-73.5862
12565,42.24849,-73.64584
12566,41.62223,-74.33256
12567,41.98206,-73.65211
12569,41.7346,-73.79731
12570,41.62377,-73.66983
12571,42.00663,-73.81152
12572,41.92548,-73.8717
12574,41.91764,-73.94566
12575,41.48514,-74.15714
12577,41.42048,-74.11678
12578,41.80629,-73.79673
12580,41.85348,-73.87302
12581,41.90625,-73.69374
12582,41.54693,-73.72919
12583,42.05625,-73.88014
12585,41.72396,-73.7025
12586,41.5657,-74.17289
12589,41.6278,-74.15875
12590,41.59559,-73.88774
12592,41.78601,-73.5528
12594,41.66049,-73.56004
12601,41.70602,-73.91119
12603,41.67816,-73.86744
12604,41.68844,-73.89448
12701,41.65125,-74.6982
12719,41.48431,-74.90543
12720,41.65794,-74.90029
12721,41.56741,-74.42832
12722,41.59042,-74.3748
12723,41.77809,-75.02751
12724,41.85195,-74.93535
12725,41.95679,-74.54794
12726,41.69269,-74.96902
12729,41.49411,-74.61582
12732,41.56075,-74.87353
12733,41.73378,-74.6102
12734,41.7354,-74.7531
12736,41.85327,-75.01917
12737,41.50529,-74.79941
12738,41.66009,-74.59119
12740,41.89499,-74.46616
12741,41.84368,-75.07816
12742,41.71796,-74.72108
12743,41.54065,-74.84687
12745,41.78503,-75.02633
12746,41.44929,-74.65582
12747,41.76596,-74.65934
12748,41.77604,-74.91845
12749,41.69149,-74.82768
12750,41.73595,-74.96382
12751,41.69209,-74.66119
12752,41.68278,-74.9905
12754,41.80004,-74.73643
12758,41.9428,-74.74942
12759,41.78399,-74.65758
12760,41.90063,-75.10559
12762,41.65582,-74.79462
12763,41.68221,-74.52205
12764,41.59639,-74.98515
12765,41.85265,-74.6281
12766,41.81408,-74.97923
12767,41.83504,-75.00284
12768,41.87157,-74.71507
12769,41.65925,-74.47071
12770,41.44681,-74.85028
12771,41.37394,-74.62429
12775,41.62266,-74.58232
12776,41.96486,-74.93197
12777,41.55172,-74.71067
12778,41.66174,-74.8138
12779,41.69804,-74.62703
12780,41.44514,-74.71989
12781,41.61448,-74.47208
12783,41.74026,-74.83502
12784,41.66907,-74.61485
12785,41.52429,-74.58051
12786,41.64306,-74.85393
12787,41.7931,-74.8365
12788,41.79552,-74.58846
12789,41.71374,-74.57233
12790,41.5863,-74.51705
12791,41.81126,-74.88692
12792,41.51447,-74.95172
12801,43.31097,-73.64545
12803,43.28891,-73.63024
12804,43.3375,-73.68307
12808,43.74782,-73.75393
12809,43.24097,-73.4624
12810,43.49862,-73.95217
12811,43.57502,-74.07508
12812,43.85731,-74.41213
12814,43.6004,-73.63678
12815,43.70161,-73.69459
12816,43.05085,-73.37829
12817,43.63697,-73.82614
12819,43.61144,-73.46315
12820,43.46022,-73.64067
12821,43.45866,-73.41332
12822,43.2407,-73.88959
12823,43.17945,-73.40628
12824,43.5279,-73.71386
12827,43.44917,-73.51241
12828,43.25534,-73.56841
12831,43.19533,-73.68791
12832,43.36813,-73.31716
12833,43.13866,-73.84355
12834,43.09706,-73.50423
12835,43.32496,-74.00589
12836,43.74994,-73.56816
12837,43.50842,-73.26651
12838,43.34354,-73.40756
12839,43.34496,-73.55058
12841,43.59919,-73.5165
12842,43.75058,-74.2746
12843,43.5849,-73.97771
12844,43.49423,-73.64081
12845,43.42757,-73.70703
12846,43.34022,-73.80592
12847,43.98698,-74.59024
12849,43.44812,-73.2985
12850,43.09886,-73.97941
12851,43.85171,-74.06211
12852,43.99293,-74.13598
12853,43.68816,-73.99804
12854,43.45019,-73.32767
12855,44.00121,-73.79762
12856,43.65531,-74.14625
12857,43.84033,-73.93354
12858,43.88899,-73.6703
12859,43.16587,-73.90569
12860,43.72843,-73.80942
12861,43.74982,-73.41502
12862,43.67419,-73.91878
12863,43.06031,-73.93162
12864,43.72733,-74.3054
12865,43.21225,-73.34191
12866,43.07537,-73.7401
12870,43.83931,-73.7625
12871,43.09249,-73.61196
12872,43.8839,-73.72309
12873,43.1185,-73.30682
12874,43.69035,-73.54836
12878,43.44217,-74.0479
12883,43.85291,-73.50786
12884,43.08855,-73.5921
12885,43.52929,-73.83161
12886,43.63689,-73.92654
12887,43.54504,-73.37471
12901,44.70842,-73.47465
12903,44.65698,-73.46306
12910,44.8546,-73.64593
12911,44.53464,-73.46687
12912,44.46233,-73.74201
12913,44.42627,-74.01562
12914,44.93289,-74.6018
12915,44.8535,-74.035
12916,44.83572,-74.5145
12917,44.92468,-74.17387
12918,44.68975,-73.67863
12919,44.96793,-73.45072
12920,44.89332,-74.06016
12921,44.89188,-73.43574
12922,44.33381,-74.7827
12923,44.94546,-73.95802
12924,44.47589,-73.58751
12926,44.95223,-74.32214
12927,44.2005,-74.81818
12928,43.9539,-73.52898
12929,44.71971,-73.71909
12930,44.72349,-74.5437
12932,44.21222,-73.6082
12933,44.89118,-73.84512
12934,44.84603,-73.87659
12935,44.85709,-73.79461
12936,44.26869,-73.4029
12937,44.96176,-74.47807
12939,44.43859,-74.16541
12941,44.35147,-73.7126
12942,44.26023,-73.79523
12943,44.13934,-73.82075
12944,44.44585,-73.51193
12945,44.33451,-74.23829
12946,44.23162,-73.98903
12950,44.32685,-73.57675
12952,44.71181,-73.91362
12953,44.74198,-74.26347
12955,44.78934,-73.95855
12956,44.09301,-73.49628
12957,44.85353,-74.57706
12958,44.95661,-73.57419
12959,44.96073,-73.7014
12960,44.02226,-73.54123
12961,44.06103,-73.57972
12962,44.70642,-73.60141
12964,44.13224,-73.63625
12965,44.70587,-74.684
12966,44.79226,-74.41915
12967,44.76864,-74.65897
12969,44.71102,-74.0812
12970,44.44949,-74.33222
12972,44.559,-73.56516
12973,44.30279,-74.59187
12974,44.05582,-73.46931
12975,44.52977,-73.431
12976,44.50469,-74.20498
12977,44.29484,-74.09673
12978,44.6181,-73.79589
12979,44.98926,-73.37213
12980,44.57254,-74.50875
12981,44.62235,-73.84035
12983,44.34627,-74.14243
12985,44.56413,-73.73395
12986,44.22279,-74.44056
12987,44.33948,-73.76386
12989,44.53935,-74.06439
12992,44.81822,-73.51582
12993,44.19711,-73.48097
12996,44.36129,-73.42129
12997,44.3755,-73.84314
12998,44.0879,-73.57584
13020,42.81646,-76.07458
13021,42.91713,-76.5542
13024,42.93453,-76.57424
13026,42.75044,-76.65968
13027,43.16741,-76.36258
13028,43.29226,-75.93107
13029,43.2236,-76.14993
13030,43.15962,-75.96052
13031,43.0448,-76.30775
13032,43.07793,-75.76275
13033,43.1852,-76.57044
13034,42.91366,-76.69502
13035,42.93828,-75.82551
13036,43.32268,-76.17402
13037,43.06046,-75.86521
13039,43.16678,-76.0654
13040,42.56033,-75.93029
13041,43.19079,-76.19711
13042,43.26565,-75.85154
13044,43.2977,-75.99595
13045,42.58692,-76.19029
13051,42.88339,-75.91021
13052,42.72838,-75.86957
13053,42.47513,-76.26471
13054,43.16947,-75.66923
13057,43.09543,-76.04014
13060,43.02381,-76.41926
13061,42.86493,-75.75173
13062,42.48121,-76.38694
13063,42.84429,-75.98023
13065,42.81884,-76.81577
13066,43.03297,-76.00259
13068,42.49905,-76.35555
13069,43.33081,-76.37867
13071,42.67584,-76.54252
13072,42.76243,-75.76296
13073,42.58514,-76.39832
13074,43.31035,-76.54786
13076,43.35364,-76.15182
13077,42.71557,-76.20089
13078,42.96206,-76.06171
13080,43.08338,-76.47776
13081,42.67364,-76.62527
13082,43.10148,-75.95253
13083,43.64853,-75.98091
13084,42.88938,-76.11314
13087,42.69634,-76.16493
13088,43.10787,-76.19096
13090,43.15162,-76.21344
13092,42.65145,-76.42502
13101,42.60211,-76.06665
13102,42.55276,-76.29253
13103,43.32652,-76.10507
13104,42.96378,-75.95523
13108,42.97349,-76.33069
13110,42.89019,-76.28507
13111,43.25988,-76.61858
13112,43.10306,-76.41926
13113,43.16425,-76.53488
13114,43.46386,-76.24328
13115,43.3937,-76.47462
13116,43.07449,-76.00796
13117,43.01007,-76.70838
13118,42.75226,-76.39522
13119,42.97655,-76.44488
13120,42.94233,-76.1695
13121,43.48491,-76.30966
13122,42.83857,-75.85919
13123,43.22796,-75.75325
13124,42.64578,-75.81718
13126,43.43469,-76.46331
13131,43.41964,-76.09539
13132,43.26547,-76.24446
13134,42.96731,-75.68476
13135,43.25801,-76.31676
13136,42.60368,-75.84582
13138,42.89915,-76.01461
13140,43.05891,-76.65841
13141,42.76684,-76.18616
13142,43.55189,-76.12959
13143,43.23325,-76.71545
13144,43.57034,-75.97464
13145,43.65188,-76.1232
13146,43.09711,-76.76031
13147,42.77336,-76.56603
13148,42.9208,-76.78106
13152,42.89323,-76.38518
13153,42.9945,-76.45476
13154,43.13378,-76.76192
13155,42.65945,-75.77136
13156,43.33355,-76.66249
13157,43.20288,-75.7254
13158,42.71603,-75.97626
13159,42.80321,-76.11545
13160,42.82613,-76.65157
13162,43.18833,-75.71823
13163,43.08194,-75.70841
13164,43.09377,-76.31626
13165,42.91185,-76.87601
13166,43.07219,-76.5568
13167,43.3171,-76.0571
13202,43.04356,-76.15065
13203,43.061,-76.13486
13204,43.05204,-76.17666
13205,43.00474,-76.14163
13206,43.07354,-76.10584
13207,43.01221,-76.16354
13208,43.07878,-76.14521
13209,43.08581,-76.24355
13210,43.03186,-76.12653
13211,43.10333,-76.11954
13212,43.12839,-76.12889
13214,43.03865,-76.0741
13215,42.97852,-76.22979
13219,43.03969,-76.22277
13224,43.03892,-76.10264
13244,43.02318,-76.12329
13290,43.07132,-76.17368
13301,43.42225,-75.21546
13302,43.50261,-75.95044
13303,43.36992,-75.46636
13304,43.23954,-75.1589
13305,43.89329,-75.43144
13308,43.24865,-75.66686
13309,43.47398,-75.34103
13310,42.89055,-75.57065
13312,43.70247,-75.20758
13313,42.88715,-75.26228
13314,42.82476,-75.31568
13315,42.7438,-75.1385
13316,43.41492,-75.73963
13317,42.85638,-74.58844
13318,42.92366,-75.25958
13319,43.02705,-75.26593
13320,42.77353,-74.74325
13321,43.08901,-75.37259
13322,42.96661,-75.20445
13323,43.04198,-75.38144
13324,43.3165,-74.93325
13325,43.58398,-75.54091
13326,42.71865,-74.90374
13327,43.96047,-75.28474
13328,42.98247,-75.42836
13329,43.11094,-74.70017
13331,43.81706,-74.97284
13332,42.75831,-75.57452
13333,42.83091,-74.82207
13334,42.83445,-75.65986
13335,42.70193,-75.24847
13337,42.75114,-74.9816
13338,43.49706,-74.97833
13339,42.93995,-74.66631
13340,43.04814,-75.11502
13342,42.64766,-75.18918
13343,43.75271,-75.31062
13345,43.6889,-75.33153
13346,42.82093,-75.54453
13348,42.70202,-75.06398
13350,43.06352,-74.98817
13352,43.31122,-75.12058
13353,43.47123,-74.72732
13354,43.26612,-75.27199
13355,42.80971,-75.42401
13357,42.96952,-75.08037
13360,43.72457,-74.73577
13361,42.89807,-74.86256
13363,43.33127,-75.50984
13364,42.80501,-75.26105
13365,43.09804,-74.84937
13367,43.85563,-75.31772
13368,43.6446,-75.33209
13402,42.90209,-75.50728
13403,43.17041,-75.27188
13404,43.73842,-75.48089
13406,43.14326,-74.92257
13407,42.9677,-74.94087
13408,42.92205,-75.66722
13409,42.97602,-75.59131
13410,42.92908,-74.60922
13411,42.63723,-75.30981
13413,43.0576,-75.27495
13415,42.59714,-75.19729
13416,43.18768,-74.9571
13417,43.10002,-75.29399
13418,42.84519,-75.38213
13420,43.65069,-74.9619
13421,43.06293,-75.64654
13424,43.15228,-75.36291
13425,42.9635,-75.48675
13428,42.92096,-74.53311
13431,43.20691,-75.07608
13433,43.59914,-75.24765
13435,43.30255,-75.15134
13436,43.80501,-74.67034
13437,43.59677,-75.80383
13438,43.35171,-75.15527
13439,42.85491,-74.99724
13440,43.21807,-75.45941
13441,43.22711,-75.40758
13450,42.7026,-74.81263
13452,43.03718,-74.63001
13454,43.16885,-74.75719
13455,42.91791,-75.37655
13456,43.00145,-75.25855
13457,42.77527,-75.03691
13459,42.77721,-74.59315
13460,42.68492,-75.45572
13461,43.07115,-75.59866
13464,42.68632,-75.61998
13468,42.84696,-74.86448
13469,43.22028,-75.29853
13470,43.21075,-74.66825
13471,43.37606,-75.6122
13472,43.69491,-75.06072
13473,43.64414,-75.44517
13475,42.88789,-74.81196
13476,43.08728,-75.51219
13477,43.03633,-75.51441
13478,43.14916,-75.58009
13480,42.91424,-75.36699
13482,42.69661,-75.17695
13483,43.40075,-75.81995
13484,42.85426,-75.65549
13485,42.7865,-75.3165
13486,43.35707,-75.34088
13488,42.67447,-74.76796
13489,43.46698,-75.52928
13490,43.10612,-75.42991
13491,42.85957,-75.17698
13492,43.1172,-75.33023
13493,43.43162,-75.90102
13494,43.53136,-75.14198
13495,43.11087,-75.27744
13501,43.08138,-75.22611
13502,43.14121,-75.16584
13601,43.96949,-75.90965
13602,44.04877,-75.75747
13603,44.03826,-75.79765
13605,43.80641,-76.05195
13606,43.87007,-76.01601
13607,44.33233,-75.91187
13608,44.23879,-75.62508
13611,43.77726,-76.12374
13612,43.98571,-75.76911
13613,44.85884,-74.73879
13614,44.53081,-75.69194
13615,44.00569,-75.98328
13616,44.02538,-75.85896
13617,44.5789,-75.14668
13618,44.11641,-76.27851
13619,43.97705,-75.59432
13620,43.89989,-75.45265
13621,44.8452,-75.06596
13622,44.09654,-76.115
13623,44.44877,-75.75299
13624,44.22284,-76.09736
13625,44.5384,-74.92135
13626,43.85143,-75.7202
13628,44.03764,-75.68307
13630,44.49742,-75.31756
13632,44.12698,-76.06826
13633,44.48259,-75.48825
13634,44.01197,-76.07034
13635,44.29915,-75.26188
13636,43.74107,-76.12762
13637,44.09751,-75.83346
13638,44.02077,-75.75443
13639,44.2594,-75.14324
13640,44.3198,-75.99937
13641,44.27341,-76.00573
13642,44.3263,-75.46742
13643,44.03207,-75.71738
13645,44.30878,-75.44655
13646,44.44144,-75.69379
13647,44.6017,-74.99264
13648,44.14977,-75.29908
13649,44.91246,-74.69983
13650,43.80742,-76.20629
13651,43.86513,-76.18125
13652,44.43579,-75.21338
13654,44.56654,-75.46067
13655,44.97865,-74.64781
13656,44.19141,-75.95058
13658,44.73979,-75.27756
13659,43.73783,-75.8707
13660,44.77727,-75.15764
13661,43.70924,-76.1054
13662,44.9378,-74.89383
13664,44.58423,-75.64537
13665,44.05227,-75.44933
13666,44.21404,-74.95557
13667,44.83768,-74.96149
13668,44.75432,-74.98764
13669,44.65004,-75.49861
13670,44.18264,-75.11635
13672,44.48166,-74.67987
13673,44.17105,-75.72133
13674,43.73763,-76.05192
13675,44.28227,-75.83872
13676,44.65178,-74.91377
13678,44.83165,-74.96775
13679,44.32664,-75.76554
13680,44.59416,-75.32814
13681,44.42933,-75.37142
13682,43.84024,-75.88924
13683,44.97395,-74.73543
13684,44.36577,-75.0464
13685,43.93343,-76.09399
13687,44.44744,-74.82516
13690,44.12612,-75.02319
13691,44.22747,-75.78208
13692,44.28861,-76.0258
13693,44.03237,-76.24824
13694,44.8575,-75.1645
13695,44.10505,-74.92872
13696,44.70425,-74.88971
13697,44.74841,-74.80656
13699,44.66372,-74.99851
13730,42.23201,-75.53127
13731,42.13059,-74.7882
13732,42.04396,-76.16772
13733,42.30459,-75.4793
13734,42.07752,-76.40864
13736,42.31722,-76.19389
13738,42.56236,-76.11986
13739,42.36614,-74.78982
13740,42.27535,-74.74498
13743,42.21706,-76.33898
13744,42.24078,-75.90629
13746,42.26868,-75.82085
13747,42.49003,-74.98209
13748,42.03428,-75.81727
13750,42.47739,-74.83904
13751,42.45745,-74.88363
13752,42.17257,-74.90379
13753,42.30873,-74.92538
13754,42.09387,-75.43625
13755,42.05976,-75.01524
13756,42.01025,-75.10394
13757,42.40915,-74.89321
13760,42.13425,-76.08354
13774,41.96192,-75.17283
13775,42.33706,-75.14728
13776,42.47023,-75.33458
13777,42.25894,-75.9866
13778,42.34795,-75.75977
13780,42.42496,-75.48128
13782,42.17304,-74.9836
13783,41.99037,-75.26764
13784,42.43542,-76.2177
13786,42.4485,-74.69563
13787,42.20606,-75.66334
13788,42.34914,-74.65658
13790,42.16937,-75.99796
13795,42.05844,-75.77419
13796,42.5513,-75.13644
13797,42.32765,-76.04389
13801,42.50327,-75.78028
13802,42.25164,-76.04207
13803,42.45787,-76.06028
13804,42.20708,-75.37562
13806,42.37894,-74.97315
13807,42.61718,-74.98612
13808,42.52797,-75.25657
13809,42.40849,-75.3914
13810,42.61188,-75.11157
13811,42.23099,-76.17481
13812,42.02993,-76.35461
13813,42.16808,-75.54266
13814,42.61655,-75.52584
13815,42.54712,-75.53413
13820,42.47204,-75.03893
13825,42.44329,-75.20154
13826,42.10517,-75.63701
13827,42.11178,-76.25216
13830,42.43868,-75.6295
13832,42.6531,-75.66286
13833,42.19829,-75.76432
13834,42.54903,-74.96727
13835,42.38906,-76.16939
13838,42.28423,-75.39595
13839,42.24824,-75.26007
13841,42.41408,-75.84171
13842,42.37922,-74.72302
13843,42.53468,-75.37584
13844,42.60927,-75.68083
13846,42.36037,-75.05465
13847,42.20443,-75.27777
13849,42.33785,-75.31392
13850,42.04873,-76.02663
13856,42.16666,-75.16633
13859,42.37123,-75.24916
13860,42.45573,-74.94989
13861,42.5048,-75.14156
13862,42.3369,-75.9372
13863,42.44164,-75.904
13864,42.29095,-76.39225
13865,42.06282,-75.62879
13901,42.18253,-75.88048
13902,42.08895,-75.96891
13903,42.04749,-75.89573
13904,42.13072,-75.81587
13905,42.18086,-75.94476
14001,43.03149,-78.51154
14004,42.89487,-78.51008
14005,42.91788,-78.24703
14006,42.63366,-79.02056
14008,43.30792,-78.62728
14009,42.57542,-78.39241
14011,42.83158,-78.29784
14012,43.33431,-78.52572
14013,43.07639,-78.39704
14020,42.99513,-78.21508
14024,42.58111,-78.24431
14025,42.6232,-78.72609
14026,42.94212,-78.68794
14027,42.59408,-79.02067
14028,43.31498,-78.71664
14029,42.47293,-78.26346
14030,42.56518,-78.50052
14031,42.98661,-78.60908
14032,43.04587,-78.63189
14033,42.65865,-78.68436
14034,42.4985,-78.86238
14035,42.49099,-78.85936
14036,42.97447,-78.38712
14037,42.80637,-78.45448
14039,42.83593,-78.17101
14040,42.88809,-78.37847
14041,42.4059,-78.97699
14042,42.46882,-78.48377
14043,42.90142,-78.70431
14047,42.68579,-78.99328
14048,42.48087,-79.31128
14051,43.04168,-78.69927
14052,42.77054,-78.58084
14054,42.90606,-78.1312
14055,42.5536,-78.60121
14056,42.99183,-78.30663
14057,42.64587,-78.87542
14058,43.10167,-78.16211
14059,42.83241,-78.63678
14060,42.43986,-78.30884
14061,42.59111,-79.08949
14062,42.44364,-79.14897
14063,42.41451,-79.32518
14065,42.48741,-78.31158
14066,42.62381,-78.18051
14067,43.21565,-78.56644
14068,43.02696,-78.75808
14069,42.59984,-78.62984
14070,42.43673,-78.92798
14072,43.01673,-78.96308
14075,42.71297,-78.82985
14080,42.64289,-78.54886
14081,42.56332,-79.06528
14082,42.65689,-78.38435
14083,42.67921,-78.43446
14085,42.71494,-78.92691
14086,42.90661,-78.6291
14091,42.54224,-78.88868
14092,43.17314,-78.99521
14094,43.15989,-78.70032
14098,43.33464,-78.37827
14101,42.3863,-78.54292
14102,42.84272,-78.55481
14103,43.2125,-78.37696
14105,43.19043,-78.4813
14108,43.26365,-78.7274
14109,43.13718,-79.03516
14111,42.58206,-78.89803
14112,42.6981,-78.9395
14113,42.66813,-78.33624
14120,43.07337,-78.83585
14125,43.08773,-78.28207
14126,43.33529,-78.72335
14127,42.75204,-78.74402
14129,42.4805,-79.0092
14130,42.55318,-78.14959
14131,43.23556,-78.89935
14132,43.14787,-78.87856
14134,42.53057,-78.51738
14135,42.48489,-79.2437
14136,42.52387,-79.16935
14138,42.37497,-79.05376
14139,42.71723,-78.53606
14141,42.52366,-78.7109
14143,42.97547,-78.0759
14145,42.73154,-78.43205
14150,42.99794,-78.87815
14166,42.45088,-79.41592
14167,42.74327,-78.32629
14168,42.51187,-78.98745
14169,42.76446,-78.52938
14170,42.70115,-78.67294
14171,42.42491,-78.64286
14172,43.28201,-78.81757
14173,42.52594,-78.47306
14174,43.24178,-79.00548
14201,42.89706,-78.88752
14202,42.88798,-78.88358
14203,42.86244,-78.86507
14204,42.882,-78.8614
14206,42.88078,-78.81018
14207,42.95201,-78.89824
14208,42.9146,-78.85146
14209,42.91365,-78.86622
14210,42.86407,-78.82811
14211,42.90813,-78.81883
14212,42.89438,-78.81957
14213,42.91762,-78.89099
14214,42.93936,-78.84101
14215,42.93451,-78.81023
14216,42.94855,-78.862
14217,42.97189,-78.87674
14218,42.81921,-78.82772
14219,42.78903,-78.82694
14220,42.84571,-78.82264
14221,42.97918,-78.72158
14222,42.92002,-78.8771
14223,42.97348,-78.84612
14224,42.83767,-78.74771
14225,42.92879,-78.752
14226,42.97078,-78.79844
14227,42.88402,-78.74665
14228,43.04214,-78.7798
14260,43.00165,-78.79066
14261,43.00188,-78.7848
14301,43.09701,-79.03726
14302,43.0939,-79.04919
14303,43.08428,-79.03908
14304,43.10197,-78.95282
14305,43.1199,-79.02265
14411,43.23456,-78.21349
14413,43.2229,-76.97067
14414,42.89358,-77.73501
14415,42.7559,-77.01643
14416,43.08003,-77.97849
14418,42.60717,-77.21681
14420,43.21385,-77.93305
14422,43.08357,-78.06704
14423,42.94382,-77.82788
14424,42.84649,-77.3104
14425,42.98962,-77.33734
14427,42.61828,-78.05442
14428,43.08029,-77.85963
14432,42.95696,-77.14333
14433,43.07939,-76.87779
14435,42.71496,-77.66721
14437,42.57072,-77.73435
14441,42.68608,-76.95756
14445,43.11312,-77.48978
14450,43.0921,-77.41623
14453,43.01602,-77.47338
14454,42.79731,-77.76879
14456,42.84584,-77.00012
14462,42.68652,-77.75112
14463,42.79539,-77.0689
14464,43.32659,-77.9374
14466,42.77773,-77.5842
14467,43.04119,-77.60996
14468,43.29242,-77.80542
14469,42.87778,-77.46735
14470,43.21099,-78.05456
14471,42.75308,-77.49425
14472,42.96589,-77.58173
14475,42.93683,-77.49787
14476,43.32946,-78.04226
14477,43.33353,-78.13415
14478,42.58011,-77.12791
14479,43.23768,-78.31008
14480,42.83809,-77.70736
14481,42.77173,-77.91643
14482,42.97457,-77.97014
14485,42.88016,-77.60131
14486,42.89293,-77.92295
14487,42.81174,-77.63873
14489,43.09008,-76.99238
14502,43.09532,-77.33598
14504,42.96839,-77.2327
14505,43.15846,-77.17503
14506,43.0012,-77.50508
14507,42.69635,-77.27373
14510,42.69485,-77.87167
14511,42.99603,-77.87762
14512,42.64411,-77.39296
14513,43.07204,-77.0961
14514,43.08597,-77.80303
14515,43.25287,-77.73175
14516,43.19855,-76.91153
14517,42.59217,-77.8971
14519,43.23184,-77.31389
14521,42.67639,-76.80876
14522,43.05911,-77.22152
14525,42.87242,-78.01471
14526,43.15129,-77.44806
14527,42.66764,-77.06473
14529,42.53748,-77.64418
14530,42.73446,-78.00276
14532,42.96462,-77.02601
14533,42.84632,-77.88468
14534,43.0564,-77.52083
14536,42.53958,-78.08358
14537,43.03539,-77.15604
14539,42.83418,-77.87521
14541,42.75704,-76.84403
14542,43.15306,-76.87595
14543,42.98777,-77.67747
14544,42.75562,-77.23958
14545,42.66166,-77.71056
14546,43.0296,-77.77372
14548,42.97538,-77.24341
14549,42.69667,-78.02212
14550,42.67757,-78.09166
14551,43.21886,-77.04596
14555,43.25946,-76.98665
14556,42.67906,-77.83222
14557,43.04807,-78.06126
14559,43.18823,-77.81778
14560,42.68716,-77.57691
14561,42.82218,-77.13131
14564,42.98329,-77.42417
14568,43.14657,-77.28365
14569,42.74012,-78.17269
14571,43.34397,-78.24894
14572,42.5669,-77.57017
14580,43.21883,-77.44561
14585,42.90587,-77.55301
14586,43.04151,-77.68693
14588,42.67973,-76.87047
14589,43.23997,-77.17224
14590,43.24533,-76.83099
14591,42.82865,-78.09364
14592,42.86875,-77.89066
14604,43.1569,-77.60536
14605,43.16838,-77.60177
14606,43.17069,-77.69933
14607,43.15099,-77.58682
14608,43.15335,-77.62362
14609,43.17731,-77.55234
14610,43.14196,-77.5463
14611,43.14756,-77.64731
14612,43.26513,-77.67654
14613,43.1822,-77.64068
14614,43.1574,-77.61473
14615,43.20337,-77.65637
14616,43.23431,-77.65822
14617,43.22488,-77.59323
14618,43.11305,-77.55547
14619,43.1361,-77.649
14620,43.12878,-77.60463
14621,43.18911,-77.60408
14622,43.21389,-77.55359
14623,43.08798,-77.64314
14624,43.12765,-77.7317
14625,43.14891,-77.50551
14626,43.21348,-77.71272
14627,43.12931,-77.62912
14642,43.12281,-77.62508
14701,42.08091,-79.25502
14706,42.10663,-78.52795
14707,42.08256,-78.06196
14708,42.01424,-78.06988
14709,42.35279,-77.98267
14710,42.08957,-79.42306
14711,42.32088,-78.12625
14712,42.18163,-79.36812
14714,42.28368,-78.23493
14715,42.07323,-78.14832
14716,42.38056,-79.43406
14717,42.36258,-78.18235
14718,42.34417,-79.28813
14719,42.34323,-78.87198
14720,42.10857,-79.27997
14721,42.01645,-78.26801
14722,42.20961,-79.46882
14723,42.3101,-79.13489
14724,42.05272,-79.67031
14726,42.25255,-79.02221
14727,42.2129,-78.29358
14728,42.2648,-79.41689
14729,42.40404,-78.73628
14731,42.30063,-78.65092
14732,42.2188,-79.10696
14733,42.14996,-79.17499
14735,42.45027,-78.09681
14736,42.13715,-79.74644
14737,42.33524,-78.42926
14738,42.04539,-79.05926
14739,42.1925,-78.14932
14740,42.21962,-79.18053
14741,42.21868,-78.5963
14742,42.11934,-79.30878
14743,42.20532,-78.40631
14744,42.4219,-78.21516
14747,42.15346,-79.09061
14748,42.1392,-78.63636
14750,42.07939,-79.32752
14752,42.3517,-79.31965
14753,42.03899,-78.63516
14754,42.02385,-78.19799
14755,42.23477,-78.81398
14756,42.19708,-79.42373
14757,42.23944,-79.50457
14760,42.07098,-78.41421
14767,42.05344,-79.51583
14769,42.36885,-79.47413
14770,42.0468,-78.29963
14772,42.15383,-78.95086
14774,42.08875,-78.14658
14775,42.23198,-79.69532
14777,42.38999,-78.26167
14778,42.07759,-78.4827
14779,42.10703,-78.76977
14781,42.16402,-79.604
14782,42.2665,-79.2559
14783,42.06014,-78.91816
14784,42.31445,-79.38028
14785,42.15572,-79.40337
14787,42.31342,-79.5675
14788,42.06012,-78.37661
14801,42.09718,-77.28461
14802,42.2537,-77.78989
14803,42.25135,-77.78808
14804,42.31587,-77.8476
14805,42.3563,-76.72618
14806,42.15543,-77.78662
14807,42.41821,-77.71949
14808,42.55817,-77.46882
14809,42.41961,-77.44355
14810,42.34678,-77.34599
14812,42.29199,-76.99413
14813,42.24638,-77.99209
14814,42.15525,-76.95148
14815,42.37335,-77.09463
14816,42.19728,-76.73161
14817,42.36295,-76.34548
14818,42.44878,-76.81688
14819,42.21924,-77.43466
14820,42.18629,-77.36258
14821,42.23541,-77.21623
14822,42.43522,-77.84702
14823,42.23984,-77.5722
14824,42.26875,-76.70881
14825,42.05564,-76.62116
14826,42.49354,-77.49335
14827,42.18069,-77.14292
14830,42.12927,-77.02783
14836,42.51526,-77.91526
14837,42.49919,-77.01668
14838,42.18951,-76.66635
14839,42.13961,-77.64331
14840,42.44119,-77.18758
14841,42.52699,-76.84249
14842,42.59666,-76.963
14843,42.32819,-77.64371
14845,42.20225,-76.8334
14846,42.5301,-78.00319
14847,42.6031,-76.74047
14850,42.43249,-76.49891
14853,42.44727,-76.48149
14854,42.51138,-76.60874
14855,42.13978,-77.50112
14856,42.37737,-77.36944
14858,42.02909,-77.13315
14859,42.12118,-76.53985
14860,42.59099,-76.84201
14861,42.0914,-76.6888
14864,42.2804,-76.84205
14865,42.35091,-76.83178
14867,42.34243,-76.61461
14869,42.36403,-76.77052
14870,42.16816,-77.13234
14871,42.03838,-76.91093
14872,42.24141,-76.86473
14873,42.52181,-77.29814
14874,42.53231,-77.17234
14877,42.06181,-77.68384
14878,42.44946,-76.94401
14879,42.31521,-77.19323
14880,42.17363,-77.97334
14881,42.4017,-76.35795
14882,42.5801,-76.56576
14883,42.24056,-76.482
14884,42.47613,-77.88724
14885,42.048,-77.57117
14886,42.50408,-76.68836
14889,42.21605,-76.58138
14891,42.37823,-76.95035
14892,42.0478,-76.52804
14893,42.46952,-77.11182
14894,42.02442,-76.77185
14895,42.07772,-77.93387
14897,42.02949,-77.79076
14898,42.05729,-77.43482
14901,42.07363,-76.74137
14903,42.12372,-76.87771
14904,42.07007,-76.80798
14905,42.08692,-76.84284
