zip_code,lat,lng,zhvi_value
06390,41.27027,-71.98886,464567.0995565022
10001,40.75064,-73.99728,1723246.207
10002,40.71597,-73.98692,1013080.327
10003,40.73184,-73.98915,1385863.576
10004,40.69431,-74.01835,1188064.021
10005,40.70614,-74.00862,1115158.471
10006,40.70949,-74.01306,997199.0148
10007,40.71387,-74.00792,3021684.539
10009,40.72639,-73.97865,1042102.269
10010,40.73899,-73.98243,1284446.083
10011,40.74173,-74.00037,1616599.333
10012,40.7256,-73.99794,2696508.531
10013,40.72001,-74.00472,3478689.925
10014,40.73407,-74.00601,1882428.026
10016,40.74515,-73.97807,938346.244
10017,40.75235,-73.9726,752780.2832
10018,40.75536,-73.99265,1384350.026
10019,40.76586,-73.9853,1175496.417
10020,40.75917,-73.98071,464567.0995565022
10021,40.76963,-73.95899,1409783.663
10022,40.75856,-73.96787,1117071.332
10023,40.77464,-73.97836,1406501.141
10024,40.78534,-73.97138,1583470.111
10025,40.79825,-73.96831,1104072.557
10026,40.80302,-73.95348,862848.0154
10027,40.81187,-73.95459,857054.8269
10028,40.77643,-73.95339,1403213.971
10029,40.79265,-73.94788,768584.8224
10030,40.81826,-73.94283,713238.4771
10031,40.82485,-73.95023,595209.9368
10032,40.839,-73.94282,616549.6446
10033,40.84744,-73.93549,622691.3629
10034,40.86749,-73.92358,470087.7138
10035,40.79538,-73.92965,742330.7123
10036,40.75976,-73.99064,993099.6219
10037,40.81302,-73.93776,588487.9876
10038,40.70914,-74.00298,464567.0995565022
10039,40.82631,-73.93752,641838.277
10040,40.85807,-73.9296,522215.8564
10044,40.76209,-73.94981,944875.7657
10065,40.76472,-73.96332,1600334.123
10069,40.77752,-73.98875,1920553.721
10075,40.77342,-73.95642,1176896.314
10103,40.76078,-73.97767,464567.0995565022
10110,40.7545,-73.98226,464567.0995565022
10111,40.75953,-73.97858,464567.0995565022
10112,40.75891,-73.97904,464567.0995565022
10115,40.81085,-73.96374,464567.0995565022
10119,40.75064,-73.99273,464567.0995565022
10128,40.78151,-73.95018,1180828.382
10152,40.75872,-73.9718,464567.0995565022
10153,40.76362,-73.97244,464567.0995565022
10154,40.75778,-73.97249,464567.0995565022
10162,40.76936,-73.94986,464567.0995565022
10165,40.75213,-73.97872,464567.0995565022
10167,40.75465,-73.97477,464567.0995565022
10168,40.75145,-73.9771,464567.0995565022
10169,40.75467,-73.97643,464567.0995565022
10170,40.75263,-73.97588,464567.0995565022
10171,40.7559,-73.97386,464567.0995565022
10172,40.75527,-73.97431,464567.0995565022
10173,40.75379,-73.97961,464567.0995565022
10174,40.75144,-73.975,464567.0995565022
10177,40.75498,-73.97589,464567.0995565022
10199,40.75138,-73.99715,464567.0995565022
10271,40.70844,-74.01033,464567.0995565022
10278,40.71513,-74.00373,464567.0995565022
10279,40.71263,-74.00867,464567.0995565022
10280,40.70985,-74.01651,801075.2706
10282,40.71655,-74.01495,2137716.007
10301,40.62803,-74.09564,701023.8587
10302,40.63055,-74.13776,617652.7702
10303,40.63223,-74.16903,543551.6513
10304,40.60671,-74.0931,684412.8446
10305,40.59592,-74.07539,706186.1307
10306,40.57149,-74.1243,733271.3481
10307,40.50817,-74.24254,817370.9826
10308,40.55213,-74.15029,712517.3562
10309,40.53001,-74.21912,780236.4757
10310,40.63243,-74.11653,681307.9922
10311,40.60523,-74.17956,464567.0995565022
10312,40.54489,-74.18084,738665.4372
10314,40.60086,-74.16306,693147.1641
10451,40.82097,-73.92383,337325.7156
10452,40.8378,-73.92333,327309.2451
10453,40.85248,-73.9133,596201.1029
10454,40.8056,-73.91664,823741.3624
10455,40.8148,-73.90862,491259.7628
10456,40.83064,-73.90812,449757.5331
10457,40.84571,-73.89794,506294.8821
10458,40.86249,-73.88643,421473.7028
10459,40.82572,-73.89295,522556.1766
10460,40.84273,-73.87891,533623.2317
10461,40.84671,-73.84079,702658.9555
10462,40.84297,-73.85873,226101.5471
10463,40.88841,-73.89905,360586.1809
10464,40.86821,-73.80044,674015.7146
10465,40.8286,-73.82179,672652.6687
10466,40.89104,-73.8461,648340.7622
10467,40.87522,-73.872,430957.5481
10468,40.8681,-73.89985,264543.0192
10469,40.86851,-73.84666,671811.1384
10470,40.89598,-73.86805,644196.8133
10471,40.90002,-73.9067,427613.1732
10472,40.82968,-73.86942,690273.8217
10473,40.81817,-73.85889,554241.2047
10474,40.81061,-73.8846,464567.0995565022
10475,40.87528,-73.82702,464567.0995565022
10501,41.2954,-73.76006,760544.4436
10502,41.01126,-73.8409,987786.8936
10503,41.02654,-73.8753,464567.0995565022
10504,41.13065,-73.70629,1631078.962
10505,41.34207,-73.74791,997551.3776
10506,41.1889,-73.63411,1575290.761
10507,41.22879,-73.6878,789957.3472
10509,41.41205,-73.5937,513854.2108
10510,41.14152,-73.83411,1081344.719
10511,41.26302,-73.94391,558566.7164
10512,41.4483,-73.71054,485006.6723
10514,41.17331,-73.77071,1382948.132
10516,41.45342,-73.90233,701949.8608
10517,41.29837,-73.86013,464567.0995565022
10518,41.26787,-73.60073,464567.0995565022
10519,41.34701,-73.66196,464567.0995565022
10520,41.22183,-73.87348,779978.4793
10522,41.01221,-73.8646,938126.5241
10523,41.06005,-73.81859,677939.5269
10524,41.37076,-73.92201,731259.7149
10526,41.29388,-73.66171,736427.9539
10527,41.3195,-73.76502,871978.555
10528,40.97819,-73.72306,1334770.257
10530,41.02304,-73.80764,704168.8791
10532,41.09873,-73.80066,783632.625
10533,41.03826,-73.8556,1196318.676
10535,41.33536,-73.79965,464567.0995565022
10536,41.26971,-73.68943,1067830.048
10537,41.33784,-73.88528,413567.6792
10538,40.9376,-73.75707,1603848.571
10540,41.32575,-73.72745,464567.0995565022
10541,41.37855,-73.75122,601408.965
10542,41.37115,-73.76436,464567.0995565022
10543,40.95274,-73.73645,1009037.514
10545,41.17861,-73.83547,464567.0995565022
10546,41.19472,-73.8002,915401.2522
10547,41.31178,-73.84637,565918.2893
10548,41.24599,-73.93643,582157.1185
10549,41.19981,-73.72028,899365.6313
10550,40.90627,-73.8351,550699.3366
10552,40.92376,-73.82497,521981.6228
10553,40.90858,-73.82161,572753.7483
10560,41.33303,-73.60264,809065.4445
10562,41.19295,-73.8305,640873.5972
10566,41.28924,-73.91837,512595.5695
10567,41.28922,-73.89633,641020.3319
10570,41.12854,-73.78917,979355.8837
10573,41.01676,-73.67735,846432.9546
10576,41.21323,-73.57289,1358290.319
10577,41.03755,-73.71349,2134662.529
10578,41.31815,-73.673,642853.8536
10579,41.39651,-73.83384,598184.9337
10580,40.97854,-73.69258,2160966.64
10583,40.98916,-73.79443,1461804.544
10588,41.33222,-73.82624,594443.5572
10589,41.33178,-73.6933,661185.3187
10590,41.25421,-73.53719,905405.5481
10591,41.08436,-73.84653,860629.6088
10594,41.11579,-73.771,881808.3668
10595,41.08626,-73.78097,847823.4192
10596,41.25552,-73.95854,480945.7419
10597,41.29423,-73.59703,1537836.941
10598,41.28309,-73.79516,688574.0791
10601,41.03288,-73.7648,456545.3361
10603,41.05364,-73.78014,655124.0163
10604,41.06013,-73.73955,919394.2466
10605,41.0095,-73.74518,970938.6046
10606,41.02065,-73.77588,768806.8107
10607,41.03949,-73.81214,797130.2422
10701,40.94702,-73.88034,599091.1944
10703,40.95765,-73.88114,600740.5347
10704,40.91911,-73.86187,643261.7805
10705,40.91929,-73.88928,683848.0188
10706,40.99047,-73.86951,1038392.484
10707,40.95961,-73.82291,880202.7117
10708,40.9379,-73.83167,935353.4667
10709,40.95337,-73.80885,960039.8441
10710,40.96732,-73.84739,735754.8723
10801,40.91751,-73.78396,755266.3792
10803,40.89978,-73.80619,1298393.189
10804,40.94914,-73.78629,1181199.912
10805,40.89593,-73.78028,556224.0846
10901,41.14554,-74.12504,762679.9842
10910,41.2773,-74.13625,464567.0995565022
10911,41.30798,-73.99243,464567.0995565022
10913,41.06845,-73.95574,784940.4252
10914,41.41671,-74.20087,617491.6162
10915,41.54022,-74.35714,464567.0995565022
10916,41.44881,-74.24311,589519.5782
10917,41.31851,-74.11094,559728.4
10918,41.34816,-74.25828,516982.8338
10919,41.52836,-74.38327,471859.4755
10920,41.15477,-73.9393,652961.6976
10921,41.3292,-74.3651,458720.3873
10922,41.32794,-73.99604,448786.2812
10923,41.20265,-74.00031,599873.1289
10924,41.3788,-74.3512,549047.7093
10925,41.20076,-74.29535,403258.9951
10926,41.25856,-74.1307,364256.367
10927,41.19263,-73.96735,450677.8669
10928,41.3457,-74.00265,414110.7196
10930,41.3667,-74.11035,533275.6995
10931,41.12769,-74.17012,477822.4804
10932,41.482,-74.46352,464567.0995565022
10933,41.36527,-74.51106,464567.0995565022
10940,41.45149,-74.46997,388632.3792
10941,41.48923,-74.34556,439961.3847
10950,41.31919,-74.19825,535939.0603
10952,41.11385,-74.07975,1084171.052
10953,41.40581,-74.07783,464567.0995565022
10954,41.09969,-74.01269,619663.4793
10956,41.15562,-73.99314,782197.639
10958,41.3764,-74.42881,475062.1154
10960,41.08892,-73.92642,742238.8477
10962,41.04857,-73.96057,726897.2077
10963,41.4669,-74.54121,421139.2423
10964,41.01642,-73.91431,922617.8719
10965,41.06176,-74.01286,702352.6272
10968,41.03976,-73.91804,787640.978
10969,41.292,-74.48879,465521.4165
10970,41.1852,-74.06568,708880.298
10973,41.38442,-74.47566,513339.9775
10974,41.15826,-74.18993,539856.0274
10975,41.25951,-74.17042,464567.0995565022
10976,41.02871,-73.92594,718432.0805
10977,41.11749,-74.04825,839455.9228
10979,41.18237,-74.31877,464567.0995565022
10980,41.23157,-74.05709,637590.0665
10983,41.02747,-73.94826,723972.76
10984,41.20928,-74.02008,728208.7718
10985,41.57697,-74.35782,464567.0995565022
10986,41.27917,-73.99445,685446.7018
10987,41.20737,-74.22284,1277089.405
10988,41.30133,-74.56218,328968.7844
10989,41.12479,-73.93632,635073.3504
10990,41.2651,-74.3663,556006.3773
10992,41.42648,-74.16567,513560.7211
10993,41.21011,-73.97565,430459.7672
10994,41.09702,-73.97322,777586.0608
10996,41.38996,-73.97257,464567.0995565022
10998,41.33118,-74.53989,531623.0662
11001,40.72356,-73.70451,838927.9659
11003,40.70143,-73.7078,711560.9712
11004,40.74621,-73.71147,602891.2573
11005,40.75661,-73.71424,464567.0995565022
11010,40.70066,-73.67514,801754.2954
11020,40.77098,-73.71293,1665232.474
11021,40.78644,-73.7289,1065609.733
11023,40.7994,-73.73282,1436867.98
11024,40.81642,-73.74205,1779466.237
11030,40.79293,-73.68868,2116279.993
11040,40.74572,-73.67979,944071.3593
11042,40.75854,-73.6975,464567.0995565022
11050,40.83815,-73.69113,1276875.96
11096,40.62143,-73.75292,776936.2354
11101,40.74679,-73.93916,1124585.707
11102,40.77161,-73.92619,701758.3516
11103,40.76261,-73.91334,1042936.196
11104,40.74484,-73.92049,524900.9836
11105,40.779,-73.90652,1123551.207
11106,40.76191,-73.93169,649910.4631
11109,40.7463,-73.95699,464567.0995565022
11201,40.69477,-73.99031,1362036.838
11203,40.64958,-73.93431,726074.1599
11204,40.61883,-73.98496,1208072.874
11205,40.69654,-73.96807,1038778.133
11206,40.7019,-73.94254,1046914.461
11207,40.67016,-73.89383,636064.6036
11208,40.67481,-73.87243,732636.714
11209,40.62175,-74.03013,804307.5072
11210,40.62801,-73.94631,899173.2871
11211,40.71428,-73.94602,1356732.614
11212,40.6629,-73.91308,666671.618
11213,40.67117,-73.93632,1089664.158
11214,40.59928,-73.99644,754616.1617
11215,40.66255,-73.98687,1482715.434
11216,40.68085,-73.94929,1210416.225
11217,40.68242,-73.97943,1525368.149
11218,40.64315,-73.97645,946336.4989
11219,40.63267,-73.99672,1164554.258
11220,40.64142,-74.01741,944273.7743
11221,40.6914,-73.92764,1103244.719
11222,40.72862,-73.94764,1475916.128
11223,40.59711,-73.97344,1072704.377
11224,40.57652,-73.9891,552214.8561
11225,40.6631,-73.95392,1124190.912
11226,40.64636,-73.95666,812252.3108
11228,40.61678,-74.01337,1170416.478
11229,40.60047,-73.94453,763698.6232
11230,40.6221,-73.96525,907748.3612
11231,40.67603,-74.00644,1767084.214
11232,40.65692,-74.00727,820210.6251
11233,40.67827,-73.91994,1048889.264
11234,40.6072,-73.91107,767025.1701
11235,40.58411,-73.94331,599548.3821
11236,40.63951,-73.90098,679803.1453
11237,40.70427,-73.92108,1087754.921
11238,40.67105,-73.96636,1213310.001
11239,40.64733,-73.87136,662759.3678
11249,40.71121,-73.96318,1408011.437
11354,40.7686,-73.82743,646100.9338
11355,40.75143,-73.82125,591433.932
11356,40.78492,-73.84149,820135.2971
11357,40.78636,-73.81094,995623.6345
11358,40.76038,-73.79648,1061819.979
11359,40.79147,-73.77662,464567.0995565022
11360,40.7805,-73.78159,620391.525
11361,40.76393,-73.77294,997424.6694
11362,40.75899,-73.73583,669306.1286
11363,40.77251,-73.74708,1097251.38
11364,40.74625,-73.75598,619532.0477
11365,40.73983,-73.79499,996411.3288
11366,40.73112,-73.7804,1091803.418
11367,40.73044,-73.82274,508306.1008
11368,40.74962,-73.85264,540856.6547
11369,40.76345,-73.87222,836509.018
11370,40.77554,-73.88766,808106.1879
11371,40.77445,-73.87316,464567.0995565022
11372,40.75172,-73.88367,437579.2417
11373,40.73892,-73.87854,507316.5979
11374,40.72647,-73.86144,424914.9902
11375,40.72315,-73.84373,501814.5785
11377,40.74483,-73.90516,553335.7422
11378,40.72493,-73.91034,868431.1235
11379,40.71709,-73.88056,895101.0507
11385,40.70103,-73.89011,865214.4429
11411,40.69406,-73.73623,701151.8218
11412,40.69804,-73.759,712955.085
11413,40.67002,-73.75116,717692.399
11414,40.65818,-73.8448,609876.5045
11415,40.70808,-73.82801,365503.7696
11416,40.68458,-73.84967,740519.4705
11417,40.67641,-73.84455,740801.2091
11418,40.70032,-73.83603,745710.8459
11419,40.68863,-73.82302,757100.962
11420,40.67352,-73.8177,744896.9205
11421,40.69403,-73.85865,723194.5312
11422,40.66053,-73.73658,718634.5799
11423,40.71564,-73.76826,814095.55
11424,40.71397,-73.82809,464567.0995565022
11426,40.73641,-73.7223,780231.7705
11427,40.73094,-73.74569,764675.501
11428,40.72099,-73.74222,755460.6358
11429,40.70958,-73.73843,730916.1173
11430,40.64703,-73.78717,464567.0995565022
11432,40.71491,-73.79295,876812.6291
11433,40.69805,-73.78675,703653.0147
11434,40.67683,-73.77623,696394.9427
11435,40.70111,-73.80968,572826.6965
11436,40.67587,-73.79664,667872.9834
11439,40.72195,-73.79455,464567.0995565022
11451,40.7012,-73.79579,464567.0995565022
11501,40.74629,-73.63921,809715.2117
11507,40.77082,-73.6521,1046399.458
11509,40.58872,-73.7286,1409669.162
11510,40.65027,-73.60809,704671.802
11514,40.74979,-73.61298,830519.7434
11516,40.6258,-73.7263,1167606.309
11518,40.63772,-73.66691,719444.1131
11520,40.65007,-73.58305,642819.4742
11530,40.72716,-73.63654,1229448.203
11542,40.87073,-73.62879,781078.7253
11545,40.82685,-73.58853,1509478.505
11547,40.82881,-73.64505,926712.2868
11548,40.81414,-73.6097,1116581.082
11549,40.71896,-73.59973,464567.0995565022
11550,40.70158,-73.62039,621811.1701
11552,40.6916,-73.65073,769158.1986
11553,40.70529,-73.5923,646250.1242
11554,40.71974,-73.56044,779291.7875
11556,40.71997,-73.58327,464567.0995565022
11557,40.63723,-73.6921,979384.16
11558,40.60539,-73.64952,735969.2928
11559,40.60615,-73.71688,1931347.056
11560,40.88068,-73.59057,1223735.746
11561,40.58969,-73.64455,814446.3068
11563,40.65746,-73.67408,741607.4626
11565,40.67505,-73.67177,779681.1186
11566,40.66307,-73.55407,860679.3601
11568,40.78659,-73.59719,2822612.193
11569,40.5903,-73.58046,1257882.68
11570,40.66504,-73.63882,949512.8334
11572,40.63231,-73.63686,764939.3591
11575,40.68044,-73.58525,615330.9875
11576,40.79791,-73.64711,1627518.321
11577,40.78288,-73.6391,1323737.204
11579,40.84406,-73.64426,1038806.622
11580,40.67491,-73.70374,728884.6397
11581,40.65153,-73.71653,788133.2834
11590,40.75541,-73.57463,783702.376
11596,40.75968,-73.6422,927371.3835
11598,40.63109,-73.71188,1277164.775
11691,40.60152,-73.76173,661410.8722
11692,40.59373,-73.79201,609936.9294
11693,40.59649,-73.81663,464567.0995565022
11694,40.57532,-73.85099,837047.5998
11697,40.55749,-73.91361,464567.0995565022
11701,40.6817,-73.41289,611047.0022
11702,40.65155,-73.33824,723737.1808
11703,40.73325,-73.32533,644212.3444
11704,40.71623,-73.35908,638946.7754
11705,40.74514,-73.05461,765107.0564
11706,40.706,-73.24208,629667.2402
11709,40.90665,-73.56005,827430.8642
11710,40.67217,-73.53293,794688.5606
11713,40.77774,-72.94253,600287.4414
11714,40.74267,-73.48615,758342.3688
11715,40.75005,-73.03531,701543.8886
11716,40.77131,-73.12729,702426.7769
11717,40.78405,-73.25223,612466.1441
11718,40.71891,-73.26391,822613.075
11719,40.77935,-72.91175,698431.3797
11720,40.87025,-73.08202,629502.5671
11721,40.89362,-73.37009,926090.9704
11722,40.78358,-73.19657,563555.364
11724,40.86522,-73.45288,1723187.742
11725,40.84056,-73.28085,787854.853
11726,40.67891,-73.39564,594540.8974
11727,40.88019,-73.00368,550482.7499
11729,40.76249,-73.32161,664671.6328
11730,40.72701,-73.18456,694821.6548
11731,40.86262,-73.31703,781492.4847
11732,40.84245,-73.53916,966713.9803
11733,40.93742,-73.10544,829118.9919
11735,40.73177,-73.43284,698319.1262
11738,40.83779,-73.03761,636215.0623
11739,40.71058,-73.16275,1044452.24
11740,40.86536,-73.36118,852679.0269
11741,40.79473,-73.07043,653933.528
11742,40.81034,-73.0419,634518.869
11743,40.88018,-73.4266,935757.0926
11746,40.81421,-73.3608,799301.2391
11747,40.78372,-73.40931,912100.7639
11749,40.80674,-73.1708,630567.7371
11751,40.72999,-73.21424,647620.1102
11752,40.75791,-73.17359,643816.406
11753,40.78976,-73.5411,1238467.96
11754,40.88771,-73.24738,723963.6455
11755,40.8583,-73.11748,706509.1596
11756,40.72545,-73.51656,706941.5728
11757,40.68892,-73.37356,627939.3008
11758,40.65361,-73.45626,790992.5606
11762,40.68283,-73.44707,774311.5914
11763,40.82529,-72.98245,591766.6785
11764,40.93585,-72.97544,717516.7877
11765,40.88249,-73.55862,2567785.981
11766,40.93602,-73.01645,749740.4508
11767,40.84438,-73.14535,749585.0378
11768,40.91052,-73.32611,971767.1756
11769,40.73703,-73.12929,704091.3148
11770,40.64945,-73.14123,1351322.335
11771,40.8674,-73.52651,1231344.007
11772,40.76118,-72.9875,584943.3393
11776,40.91345,-73.04567,613335.4643
11777,40.95171,-73.0645,774382.3193
11778,40.94312,-72.93073,538181.6162
11779,40.8127,-73.1156,622737.5464
11780,40.89249,-73.16973,806068.2823
11782,40.73727,-73.08024,746400.2223
11783,40.67766,-73.49068,776855.9857
11784,40.86855,-73.0422,579623.0281
11786,40.94711,-72.88939,736274.4739
11787,40.85338,-73.21089,781619.5019
11788,40.81808,-73.21318,783247.4188
11789,40.95759,-72.97214,519170.9749
11790,40.90719,-73.12777,745429.2263
11791,40.82819,-73.50282,1154018.375
11792,40.94832,-72.8302,730491.8832
11793,40.6462,-73.51024,787636.0112
11794,40.91915,-73.12475,464567.0995565022
11795,40.70803,-73.29827,726091.1251
11796,40.72958,-73.09986,676658.6554
11797,40.81739,-73.47004,1441008.505
11798,40.752,-73.37497,577685.0322
11801,40.76256,-73.52383,762985.9372
11803,40.78177,-73.4733,942250.5052
11804,40.75829,-73.45706,973255.5831
11901,40.92424,-72.64697,630200.5739
11930,40.98877,-72.10482,3183325.022
11931,40.93347,-72.62195,464567.0995565022
11932,40.93322,-72.30603,4229045.635
11933,40.92449,-72.75453,620533.6874
11934,40.80201,-72.79428,679815.9684
11935,41.01795,-72.48933,1190912.685
11937,40.99714,-72.20253,2011153.162
11939,41.12627,-72.34223,1154268.94
11940,40.80819,-72.75664,759034.8231
11941,40.83311,-72.72315,805203.1092
11942,40.84901,-72.57764,1129052.066
11944,41.09888,-72.37223,948818.6897
11946,40.87033,-72.52294,920479.6248
11947,40.94302,-72.58189,464567.0995565022
11948,40.9662,-72.55797,1015296.334
11949,40.86496,-72.80097,689400.5796
11950,40.80627,-72.84734,503019.0313
11951,40.76624,-72.83655,464567.0995565022
11952,40.99716,-72.54369,997501.1129
11953,40.88585,-72.95054,499656.4514
11954,41.04458,-71.9518,1929356.857
11955,40.80777,-72.82289,611703.3028
11956,40.98067,-72.46868,464567.0995565022
11957,41.1492,-72.26181,1506983.233
11958,41.03688,-72.4613,1251112.97
11959,40.82903,-72.60977,2794667.865
11960,40.80894,-72.70615,1793058.986
11961,40.90458,-72.88488,499766.6138
11962,40.93715,-72.27379,5881989.517
11963,40.99921,-72.32271,2253307.999
11964,41.05743,-72.31492,1677188.392
11965,41.07727,-72.34244,1997430.649
11967,40.80092,-72.87611,533987.5198
11968,40.90035,-72.42081,2148025.794
11970,40.94029,-72.57403,464567.0995565022
11971,41.05949,-72.42617,1111624.236
11972,40.82362,-72.70045,745957.3247
11973,40.86583,-72.88718,464567.0995565022
11975,40.95146,-72.25093,3187338.242
11976,40.92986,-72.34721,4770403.068
11977,40.82769,-72.67947,1380909.754
11978,40.82878,-72.64669,1565700.277
11980,40.8321,-72.92198,538348.5235
12007,42.48889,-73.93159,464567.0995565022
12008,42.85367,-73.9063,343333.7536
12009,42.69824,-74.03398,408931.2395
12010,42.93752,-74.17287,232453.5063
12015,42.28315,-73.82543,429944.7214
12017,42.31453,-73.45682,671576.1008
12018,42.62926,-73.52662,366284.2382
12019,42.92993,-73.88245,481159.6701
12020,43.00208,-73.87401,419764.8052
12022,42.66653,-73.33401,250430.3991
12023,42.60656,-74.16573,307655.1465
12024,42.48134,-73.53419,396934.1591
12025,43.09142,-74.11924,276614.166
12027,42.92122,-73.90872,421249.6716
12028,42.94545,-73.44213,285140.9962
12029,42.40397,-73.42466,512674.7685
12031,42.76579,-74.46617,464567.0995565022
12032,43.24042,-74.55666,233107.96
12033,42.53665,-73.70558,360671.6151
12035,42.73453,-74.37534,210886.983
12036,42.53564,-74.68468,210167.2141
12037,42.33506,-73.55714,485115.4918
12040,42.63047,-73.35916,464567.0995565022
12041,42.55893,-73.97028,280715.5855
12042,42.38185,-73.89162,339449.4771
12043,42.70357,-74.5267,245959.1643
12045,42.47974,-73.79682,239697.2413
12046,42.48864,-73.92119,311350.4441
12047,42.78396,-73.72655,333747.5752
12051,42.34493,-73.83938,305408.7247
12052,42.75767,-73.47847,284036.0095
12053,42.75283,-74.18791,345665.8178
12054,42.60764,-73.86864,440856.317
12056,42.76761,-74.0905,387856.8016
12057,42.97316,-73.34335,257344.1462
12058,42.3498,-73.923,338407.8105
12059,42.61403,-74.05811,331103.8712
12060,42.41325,-73.49284,524506.0967
12061,42.59915,-73.65658,402090.7085
12062,42.52871,-73.501,307353.4436
12063,42.56442,-73.63826,421937.324
12064,42.60711,-74.65887,150826.743
12065,42.85402,-73.78654,471192.2655
12066,42.78011,-74.30291,270338.452
12067,42.56083,-73.91663,375461.4153
12068,42.95701,-74.40467,219271.2489
12069,42.94336,-74.28193,464567.0995565022
12070,42.98513,-74.25441,218860.6181
12071,42.56971,-74.41521,199516.5281
12072,42.88102,-74.36164,241800.0437
12074,43.05219,-74.04709,322894.8364
12075,42.30145,-73.64046,514835.7618
12076,42.40868,-74.38506,219170.8251
12077,42.59426,-73.7841,479965.9417
12078,43.12338,-74.36255,167056.4485
12082,42.76998,-73.44672,464567.0995565022
12083,42.43151,-74.03155,321125.4045
12084,42.70411,-73.90182,485395.9086
12085,42.70043,-73.96659,464567.0995565022
12086,42.99684,-74.10508,255796.0959
12087,42.42794,-73.8931,342786.012
12090,42.88073,-73.35624,219933.825
12092,42.70396,-74.38456,222406.2431
12093,42.49599,-74.6262,237956.9552
12094,42.89091,-73.48737,315446.5421
12095,43.03151,-74.41553,193129.5831
12106,42.38871,-73.71228,457252.5765
12108,43.47045,-74.42768,326668.5006
12110,42.75349,-73.77671,399638.2002
12115,42.46747,-73.59338,464567.0995565022
12116,42.53849,-74.91278,203523.2975
12117,43.16894,-74.25557,266057.6301
12118,42.92096,-73.72049,457897.7663
12120,42.45781,-74.1409,330453.6874
12121,42.84368,-73.60398,334104.2376
12122,42.54341,-74.31138,224941.4073
12123,42.52239,-73.60636,314905.7139
12124,42.44652,-73.78494,349715.7887
12125,42.47633,-73.40394,369234.8364
12130,42.44156,-73.65835,284821.0731
12131,42.46573,-74.46249,464567.0995565022
12132,42.47102,-73.63362,464567.0995565022
12134,43.26533,-74.23059,301222.5433
12136,42.43249,-73.56016,601418.4929
12137,42.85727,-74.12922,315450.9383
12138,42.73735,-73.37128,257023.6205
12139,43.52096,-74.56552,406647.9526
12140,42.689,-73.56689,362372.2359
12143,42.48525,-73.85218,283002.6029
12144,42.63106,-73.71801,307746.3989
12147,42.51365,-74.15147,355392.2313
12148,42.83361,-73.84652,538871.0619
12149,42.62011,-74.56692,232441.0256
12150,42.87613,-74.04923,275060.9345
12151,42.92553,-73.78874,418860.6653
12153,42.63606,-73.46692,333562.8488
12154,42.93713,-73.60124,340916.4949
12155,42.59229,-74.82337,176839.0502
12156,42.47764,-73.74354,402280.3909
12157,42.66742,-74.29892,275372.0697
12158,42.53927,-73.81903,355605.5627
12159,42.64328,-73.88503,562728.4951
12160,42.76325,-74.36619,268517.0055
12161,42.53369,-73.84606,464567.0995565022
12164,43.62883,-74.42717,289440.6623
12165,42.31518,-73.50756,544772.0354
12166,42.83846,-74.45644,221327.9051
12167,42.42101,-74.59011,233419.6428
12168,42.5614,-73.3751,310520.5045
12169,42.58249,-73.43559,299414.5813
12170,42.99936,-73.66234,388308.7846
12172,42.28915,-73.73895,464567.0995565022
12173,42.39042,-73.76196,373561.4848
12174,42.35314,-73.72802,464567.0995565022
12175,42.55489,-74.56161,226727.6043
12176,42.38839,-73.96787,340923.1501
12177,42.95184,-74.28459,198133.1043
12180,42.7516,-73.59997,301532.9162
12182,42.80044,-73.63519,255903.1259
12183,42.74742,-73.69259,239345.5771
12184,42.42272,-73.65387,429287.9937
12185,42.90102,-73.53507,306253.7911
12186,42.62502,-73.9737,409940.469
12187,42.62632,-74.46537,253228.6131
12188,42.8199,-73.69589,369002.7227
12189,42.73618,-73.71688,303941.3236
12190,43.47359,-74.2733,221888.8174
12192,42.40428,-73.82136,333905.7911
12193,42.51713,-74.04327,315234.8572
12194,42.53839,-74.45431,225068.2898
12195,42.47876,-73.46505,464567.0995565022
12196,42.63149,-73.61708,389454.6941
12197,42.6094,-74.72587,189397.6123
12198,42.67819,-73.63285,337779.4454
12202,42.63355,-73.763,178566.5402
12203,42.68138,-73.85099,333298.2853
12204,42.68723,-73.72869,345780.5472
12205,42.71719,-73.83006,325112.5978
12206,42.67415,-73.78196,218859.5473
12207,42.65657,-73.74749,464567.0995565022
12208,42.65293,-73.80835,319196.2702
12209,42.6382,-73.78976,261026.4334
12210,42.66399,-73.75985,267804.4777
12211,42.7083,-73.76393,470396.7731
12222,42.68637,-73.82656,464567.0995565022
12226,42.67931,-73.80987,464567.0995565022
12302,42.88188,-73.98323,319194.8387
12303,42.74938,-73.92562,307066.9496
12304,42.77375,-73.89742,248091.7505
12305,42.81219,-73.95036,284323.6298
12306,42.80686,-74.03344,283300.3813
12307,42.80507,-73.93341,165713.573
12308,42.82152,-73.92006,253137.3801
12309,42.79693,-73.86785,398558.9748
12401,41.93504,-74.05446,381080.3815
12404,41.81602,-74.23632,524702.1099
12405,42.31585,-74.0989,322990.4975
12406,42.09647,-74.56502,255954.4019
12407,42.30075,-74.35343,391854.6992
12409,42.05662,-74.16655,756200.17
12410,42.0706,-74.45212,388274.7715
12411,41.87975,-74.04094,404984.3452
12412,42.01218,-74.27698,423152.1691
12413,42.31338,-74.02628,292032.8974
12414,42.2211,-73.92356,333771.0423
12416,42.09554,-74.28592,389528.7912
12417,41.9073,-73.98943,464567.0995565022
12418,42.35863,-74.1609,305061.7871
12419,41.85948,-74.10265,485112.5222
12420,41.6743,-74.37769,459120.5677
12421,42.2512,-74.5336,338386.672
12422,42.39205,-74.20232,349152.4741
12423,42.37968,-74.11136,307142.3893
12424,42.24689,-74.14358,408913.8165
12427,42.14771,-74.11921,421088.4217
12428,41.73817,-74.44615,291855.0346
12429,41.83323,-73.961,464567.0995565022
12430,42.20306,-74.49933,367820.0063
12431,42.35877,-74.01843,352811.8342
12432,42.04702,-73.94403,464567.0995565022
12433,42.00533,-74.15526,535100.5239
12434,42.36491,-74.50793,464567.0995565022
12435,41.72715,-74.51148,375542.1449
12436,42.20447,-74.0746,349644.0287
12438,42.21251,-74.59667,464567.0995565022
12439,42.29674,-74.18789,396930.9636
12440,41.78665,-74.16338,496471.7815
12441,42.1502,-74.50625,464567.0995565022
12442,42.22275,-74.23545,373013.9629
12443,41.93388,-74.08536,429656.6687
12444,42.24942,-74.28993,520633.0388
12446,41.79063,-74.31655,403281.1141
12448,42.07955,-74.20067,633894.046
12449,41.99377,-73.99338,345299.8293
12450,42.13804,-74.22176,385609.7523
12451,42.30337,-73.94802,321511.5813
12452,42.23891,-74.34986,464567.0995565022
12453,42.0929,-73.93629,415322.3482
12454,42.2869,-74.15038,475309.8503
12455,42.14871,-74.66334,329136.698
12456,42.03308,-73.99703,259313.0282
12457,42.03997,-74.24659,612150.4787
12458,41.82273,-74.41666,276157.3254
12459,42.23976,-74.6805,464567.0995565022
12460,42.42357,-74.16676,315830.8591
12461,41.90531,-74.25246,520230.0861
12463,42.1895,-74.01573,332620.5655
12464,42.04071,-74.34452,389210.4692
12465,42.15278,-74.46725,400059.3593
12466,41.90671,-73.97826,370022.967
12468,42.29998,-74.41375,354283.5151
12469,42.44521,-74.2421,282153.6063
12470,42.26932,-74.05515,312717.7588
12471,41.83799,-74.04195,464567.0995565022
12472,41.84732,-74.07447,396167.6341
12473,42.26157,-74.02827,371736.5909
12474,42.29378,-74.58117,306907.6375
12475,42.01397,-74.01332,464567.0995565022
12477,42.08528,-74.00028,402770.9495
12480,42.13803,-74.37683,348374.0311
12481,41.97519,-74.22718,453142.9962
12482,42.26841,-73.95587,464567.0995565022
12483,41.66796,-74.44184,464567.0995565022
12484,41.87024,-74.17338,580306.3048
12485,42.20507,-74.15288,403241.7029
12486,41.83438,-74.06235,405480.0256
12487,41.86095,-73.99555,426188.6524
12489,41.75597,-74.35462,293012.1099
12490,42.12355,-73.9251,464567.0995565022
12491,41.96957,-74.13311,468698.0566
12492,42.18758,-74.33453,403577.9844
12493,41.79316,-73.97283,558897.4624
12494,41.94857,-74.30169,467663.9307
12495,42.08264,-74.24563,649276.2746
12496,42.32669,-74.27256,503073.4365
12498,42.04772,-74.11007,652953.8545
12501,41.85664,-73.55953,484500.936
12502,42.08324,-73.65409,521114.4762
12503,42.03615,-73.58139,557298.1682
12504,42.02342,-73.9094,464567.0995565022
12507,42.00735,-73.92126,464567.0995565022
12508,41.49637,-73.95351,528663.0988
12512,41.5542,-73.96471,464567.0995565022
12513,42.21661,-73.71639,456757.7204
12514,41.87137,-73.76274,577391.6466
12515,41.68008,-74.06451,449570.0833
12516,42.10722,-73.55343,450378.1647
12517,42.13392,-73.51103,458968.5881
12518,41.41847,-74.03571,520348.1548
12520,41.43362,-74.00693,530442.4011
12521,42.17071,-73.65164,476123.7825
12522,41.72693,-73.58893,404734.2609
12523,42.08627,-73.75311,401298.9848
12524,41.53092,-73.89245,460348.8427
12525,41.68115,-74.17751,533028.3557
12526,42.12236,-73.85938,539444.7104
12527,41.51931,-73.93703,464567.0995565022
12528,41.72273,-74.00477,420268.3228
12529,42.21335,-73.53802,567326.9593
12530,42.20692,-73.68413,464567.0995565022
12531,41.53689,-73.66917,511723.1732
12533,41.55925,-73.79401,567064.2817
12534,42.22434,-73.75427,428299.3553
12538,41.79246,-73.89336,397661.0138
12540,41.67073,-73.72524,555790.3953
12542,41.60772,-73.99666,454308.9707
12543,41.48602,-74.22354,314090.9985
12544,42.26129,-73.66822,464567.0995565022
12545,41.7914,-73.67251,646080.9913
12546,41.96627,-73.53313,449679.0193
12547,41.65463,-73.98322,464987.8631
12548,41.66307,-74.10157,453625.9293
12549,41.52957,-74.25843,483772.6446
12550,41.53671,-74.05196,388232.2098
12553,41.46146,-74.07311,429780.9101
12561,41.75602,-74.0958,522537.5462
12563,41.49417,-73.5891,457051.8698
12564,41.57827,-73.5862,505403.2454
12565,42.24849,-73.64584,337850.6207
12566,41.62223,-74.33256,432863.5303
12567,41.98206,-73.65211,436127.003
12569,41.7346,-73.79731,470190.4218
12570,41.62377,-73.66983,542497.1513
12571,42.00663,-73.81152,528770.2132
12572,41.92548,-73.8717,643796.7181
12574,41.91764,-73.94566,654207.7485
12575,41.48514,-74.15714,571603.233
12577,41.42048,-74.11678,539742.216
12578,41.80629,-73.79673,496685.1475
12580,41.85348,-73.87302,468787.9488
12581,41.90625,-73.69374,544862.6891
12582,41.54693,-73.72919,545944.2131
12583,42.05625,-73.88014,469100.8341
12585,41.72396,-73.7025,527436.5066
12586,41.5657,-74.17289,412422.2456
12589,41.6278,-74.15875,462591.0146
12590,41.59559,-73.88774,479099.7726
12592,41.78601,-73.5528,415804.8715
12594,41.66049,-73.56004,417086.82
12601,41.70602,-73.91119,378538.7682
12603,41.67816,-73.86744,429637.0958
12604,41.68844,-73.89448,464567.0995565022
12701,41.65125,-74.6982,265960.8113
12719,41.48431,-74.90543,383405.1773
12720,41.65794,-74.90029,304108.9837
12721,41.56741,-74.42832,421344.439
12722,41.59042,-74.3748,464567.0995565022
12723,41.77809,-75.02751,343310.7058
12724,41.85195,-74.93535,341917.0079
12725,41.95679,-74.54794,309819.0056
12726,41.69269,-74.96902,344941.7909
12729,41.49411,-74.61582,292045.8106
12732,41.56075,-74.87353,325641.1886
12733,41.73378,-74.6102,313624.7396
12734,41.7354,-74.7531,317275.7993
12736,41.85327,-75.01917,346065.0358
12737,41.50529,-74.79941,343915.78
12738,41.66009,-74.59119,464567.0995565022
12740,41.89499,-74.46616,290573.5663
12741,41.84368,-75.07816,464567.0995565022
12742,41.71796,-74.72108,297666.5102
12743,41.54065,-74.84687,410430.5474
12745,41.78503,-75.02633,464567.0995565022
12746,41.44929,-74.65582,326491.9289
12747,41.76596,-74.65934,301240.3991
12748,41.77604,-74.91845,342623.9909
12749,41.69149,-74.82768,464567.0995565022
12750,41.73595,-74.96382,464567.0995565022
12751,41.69209,-74.66119,202601.964
12752,41.68278,-74.9905,464567.0995565022
12754,41.80004,-74.73643,251377.2596
12758,41.9428,-74.74942,325118.0374
12759,41.78399,-74.65758,294845.567
12760,41.90063,-75.10559,273985.2435
12762,41.65582,-74.79462,464567.0995565022
12763,41.68221,-74.52205,269290.8863
12764,41.59639,-74.98515,356258.7714
12765,41.85265,-74.6281,278504.9055
12766,41.81408,-74.97923,340986.3943
12767,41.83504,-75.00284,464567.0995565022
12768,41.87157,-74.71507,308598.4114
12769,41.65925,-74.47071,464567.0995565022
12770,41.44681,-74.85028,312481.2665
12771,41.37394,-74.62429,312568.2018
12775,41.62266,-74.58232,389838.9953
12776,41.96486,-74.93197,290754.8828
12777,41.55172,-74.71067,387704.2933
12778,41.66174,-74.8138,464567.0995565022
12779,41.69804,-74.62703,283636.7009
12780,41.44514,-74.71989,352381.8578
12781,41.61448,-74.47208,464567.0995565022
12783,41.74026,-74.83502,328987.3063
12784,41.66907,-74.61485,464567.0995565022
12785,41.52429,-74.58051,330798.292
12786,41.64306,-74.85393,285109.0887
12787,41.7931,-74.8365,464567.0995565022
12788,41.79552,-74.58846,282900.2495
12789,41.71374,-74.57233,280994.2013
12790,41.5863,-74.51705,283129.2141
12791,41.81126,-74.88692,275893.9746
12792,41.51447,-74.95172,324871.1823
12801,43.31097,-73.64545,264072.0007
12803,43.28891,-73.63024,297539.3438
12804,43.3375,-73.68307,374982.7658
12808,43.74782,-73.75393,549606.6172
12809,43.24097,-73.4624,271595.7689
12810,43.49862,-73.95217,248644.271
12811,43.57502,-74.07508,464567.0995565022
12812,43.85731,-74.41213,316791.3473
12814,43.6004,-73.63678,709584.9573
12815,43.70161,-73.69459,406308.0321
12816,43.05085,-73.37829,252563.8728
12817,43.63697,-73.82614,362834.5141
12819,43.61144,-73.46315,239277.3347
12820,43.46022,-73.64067,1488257.34
12821,43.45866,-73.41332,243543.8582
12822,43.2407,-73.88959,264431.6038
12823,43.17945,-73.40628,306225.1081
12824,43.5279,-73.71386,713470.3156
12827,43.44917,-73.51241,270670.6489
12828,43.25534,-73.56841,266984.7508
12831,43.19533,-73.68791,458841.0431
12832,43.36813,-73.31716,210985.0495
12833,43.13866,-73.84355,438983.4123
12834,43.09706,-73.50423,291005.1019
12835,43.32496,-74.00589,293789.7495
12836,43.74994,-73.56816,563434.799
12837,43.50842,-73.26651,220662.8252
12838,43.34354,-73.40756,229365.3089
12839,43.34496,-73.55058,232638.8562
12841,43.59919,-73.5165,606201.5288
12842,43.75058,-74.2746,235055.6836
12843,43.5849,-73.97771,264495.8151
12844,43.49423,-73.64081,1424416.307
12845,43.42757,-73.70703,509980.9166
12846,43.34022,-73.80592,306618.9468
12847,43.98698,-74.59024,312886.349
12849,43.44812,-73.2985,257102.1919
12850,43.09886,-73.97941,343104.4143
12851,43.85171,-74.06211,207993.0977
12852,43.99293,-74.13598,262531.7518
12853,43.68816,-73.99804,292372.8286
12854,43.45019,-73.32767,464567.0995565022
12855,44.00121,-73.79762,172102.6796
12856,43.65531,-74.14625,319175.3928
12857,43.84033,-73.93354,224607.6977
12858,43.88899,-73.6703,464567.0995565022
12859,43.16587,-73.90569,379811.668
12860,43.72843,-73.80942,291751.0916
12861,43.74982,-73.41502,377646.0786
12862,43.67419,-73.91878,464567.0995565022
12863,43.06031,-73.93162,460472.6544
12864,43.72733,-74.3054,464567.0995565022
12865,43.21225,-73.34191,227057.8662
12866,43.07537,-73.7401,620619.4679
12870,43.83931,-73.7625,344572.2228
12871,43.09249,-73.61196,312958.8569
12872,43.8839,-73.72309,464567.0995565022
12873,43.1185,-73.30682,293907.5977
12874,43.69035,-73.54836,1001744.099
12878,43.44217,-74.0479,241099.7319
12883,43.85291,-73.50786,214904.177
12884,43.08855,-73.5921,214496.3841
12885,43.52929,-73.83161,248720.0751
12886,43.63689,-73.92654,302252.4672
12887,43.54504,-73.37471,157935.9793
12901,44.70842,-73.47465,241153.0008
12903,44.65698,-73.46306,230704.2266
12910,44.8546,-73.64593,130128.7418
12911,44.53464,-73.46687,464567.0995565022
12912,44.46233,-73.74201,195409.7345
12913,44.42627,-74.01562,239099.6982
12914,44.93289,-74.6018,116623.0521
12915,44.8535,-74.035,464567.0995565022
12916,44.83572,-74.5145,121637.8852
12917,44.92468,-74.17387,154622.2599
12918,44.68975,-73.67863,208891.885
12919,44.96793,-73.45072,192108.0168
12920,44.89332,-74.06016,155047.5188
12921,44.89188,-73.43574,239932.2373
12922,44.33381,-74.7827,464567.0995565022
12923,44.94546,-73.95802,152949.1326
12924,44.47589,-73.58751,464567.0995565022
12926,44.95223,-74.32214,136964.0275
12927,44.2005,-74.81818,253350.3674
12928,43.9539,-73.52898,206874.2789
12929,44.71971,-73.71909,154388.8893
12930,44.72349,-74.5437,112829.8501
12932,44.21222,-73.6082,244851.3828
12933,44.89118,-73.84512,464567.0995565022
12934,44.84603,-73.87659,159605.4614
12935,44.85709,-73.79461,191148.0231
12936,44.26869,-73.4029,355680.6232
12937,44.96176,-74.47807,108448.5346
12939,44.43859,-74.16541,464567.0995565022
12941,44.35147,-73.7126,324029.017
12942,44.26023,-73.79523,449734.7103
12943,44.13934,-73.82075,470667.3923
12944,44.44585,-73.51193,198031.8459
12945,44.33451,-74.23829,304053.3089
12946,44.23162,-73.98903,362809.856
12950,44.32685,-73.57675,185599.2713
12952,44.71181,-73.91362,60043.02636
12953,44.74198,-74.26347,135843.0903
12955,44.78934,-73.95855,190586.4655
12956,44.09301,-73.49628,130994.9346
12957,44.85353,-74.57706,111663.3266
12958,44.95661,-73.57419,175953.4806
12959,44.96073,-73.7014,172802.7614
12960,44.02226,-73.54123,178031.5535
12961,44.06103,-73.57972,464567.0995565022
12962,44.70642,-73.60141,255745.6996
12964,44.13224,-73.63625,464567.0995565022
12965,44.70587,-74.684,93835.10593
12966,44.79226,-74.41915,128543.966
12967,44.76864,-74.65897,116904.7566
12969,44.71102,-74.0812,148509.2217
12970,44.44949,-74.33222,308423.211
12972,44.559,-73.56516,263771.8206
12973,44.30279,-74.59187,106649.0821
12974,44.05582,-73.46931,137284.5924
12975,44.52977,-73.431,265296.3179
12976,44.50469,-74.20498,413187.9348
12977,44.29484,-74.09673,464567.0995565022
12978,44.6181,-73.79589,138225.3709
12979,44.98926,-73.37213,208592.7988
12980,44.57254,-74.50875,89656.16445
12981,44.62235,-73.84035,184166.6553
12983,44.34627,-74.14243,329117.0583
12985,44.56413,-73.73395,182968.773
12986,44.22279,-74.44056,205449.2973
12987,44.33948,-73.76386,313028.9152
12989,44.53935,-74.06439,237578.9112
12992,44.81822,-73.51582,210637.4143
12993,44.19711,-73.48097,263064.438
12996,44.36129,-73.42129,273515.7579
12997,44.3755,-73.84314,405476.3703
12998,44.0879,-73.57584,85725.54737
13020,42.81646,-76.07458,464567.0995565022
13021,42.91713,-76.5542,216188.2663
13024,42.93453,-76.57424,464567.0995565022
13026,42.75044,-76.65968,333376.2049
13027,43.16741,-76.36258,320647.9442
13028,43.29226,-75.93107,214468.624
13029,43.2236,-76.14993,323470.2422
13030,43.15962,-75.96052,246827.4555
13031,43.0448,-76.30775,298014.5503
13032,43.07793,-75.76275,214446.0046
13033,43.1852,-76.57044,215525.3703
13034,42.91366,-76.69502,286071.2759
13035,42.93828,-75.82551,388156.4631
13036,43.32268,-76.17402,243040.1437
13037,43.06046,-75.86521,258780.9847
13039,43.16678,-76.0654,330619.0183
13040,42.56033,-75.93029,166622.9657
13041,43.19079,-76.19711,299527.1892
13042,43.26565,-75.85154,232912.2356
13044,43.2977,-75.99595,235113.2926
13045,42.58692,-76.19029,197345.8937
13051,42.88339,-75.91021,464567.0995565022
13052,42.72838,-75.86957,231558.7754
13053,42.47513,-76.26471,285980.2907
13054,43.16947,-75.66923,211043.5361
13057,43.09543,-76.04014,243662.627
13060,43.02381,-76.41926,271241.4089
13061,42.86493,-75.75173,276825.8901
13062,42.48121,-76.38694,464567.0995565022
13063,42.84429,-75.98023,299058.1956
13065,42.81884,-76.81577,464567.0995565022
13066,43.03297,-76.00259,394708.0532
13068,42.49905,-76.35555,295083.1122
13069,43.33081,-76.37867,172567.4829
13071,42.67584,-76.54252,219052.9349
13072,42.76243,-75.76296,132227.2122
13073,42.58514,-76.39832,237491.6823
13074,43.31035,-76.54786,179266.2884
13076,43.35364,-76.15182,228128.8574
13077,42.71557,-76.20089,219817.9177
13078,42.96206,-76.06171,426821.2018
13080,43.08338,-76.47776,227508.2
13081,42.67364,-76.62527,320452.728
13082,43.10148,-75.95253,256934.6554
13083,43.64853,-75.98091,173095.7028
13084,42.88938,-76.11314,300794.2142
13087,42.69634,-76.16493,464567.0995565022
13088,43.10787,-76.19096,253830.006
13090,43.15162,-76.21344,290672.8543
13092,42.65145,-76.42502,233282.1981
13101,42.60211,-76.06665,172033.0018
13102,42.55276,-76.29253,464567.0995565022
13103,43.32652,-76.10507,464567.0995565022
13104,42.96378,-75.95523,445956.478
13108,42.97349,-76.33069,328975.5823
13110,42.89019,-76.28507,298468.6695
13111,43.25988,-76.61858,167197.4782
13112,43.10306,-76.41926,259389.5442
13113,43.16425,-76.53488,464567.0995565022
13114,43.46386,-76.24328,208431.9422
13115,43.3937,-76.47462,464567.0995565022
13116,43.07449,-76.00796,258779.4982
13117,43.01007,-76.70838,464567.0995565022
13118,42.75226,-76.39522,250210.7702
13119,42.97655,-76.44488,464567.0995565022
13120,42.94233,-76.1695,171551.7872
13121,43.48491,-76.30966,464567.0995565022
13122,42.83857,-75.85919,246034.9113
13123,43.22796,-75.75325,464567.0995565022
13124,42.64578,-75.81718,464567.0995565022
13126,43.43469,-76.46331,180212.2993
13131,43.41964,-76.09539,192758.4195
13132,43.26547,-76.24446,242943.7217
13134,42.96731,-75.68476,464567.0995565022
13135,43.25801,-76.31676,231487.6991
13136,42.60368,-75.84582,102749.6069
13138,42.89915,-76.01461,464567.0995565022
13140,43.05891,-76.65841,184532.5039
13141,42.76684,-76.18616,208466.8715
13142,43.55189,-76.12959,205784.1652
13143,43.23325,-76.71545,177222.0924
13144,43.57034,-75.97464,141551.3809
13145,43.65188,-76.1232,173023.1976
13146,43.09711,-76.76031,162886.0223
13147,42.77336,-76.56603,230215.2377
13148,42.9208,-76.78106,197871.2729
13152,42.89323,-76.38518,637582.2786
13153,42.9945,-76.45476,464567.0995565022
13154,43.13378,-76.76192,464567.0995565022
13155,42.65945,-75.77136,102455.6808
13156,43.33355,-76.66249,217269.9245
13157,43.20288,-75.7254,219658.7986
13158,42.71603,-75.97626,185321.1752
13159,42.80321,-76.11545,304223.861
13160,42.82613,-76.65157,243147.7314
13162,43.18833,-75.71823,199255.4716
13163,43.08194,-75.70841,464567.0995565022
13164,43.09377,-76.31626,358379.8061
13165,42.91185,-76.87601,180959.8595
13166,43.07219,-76.5568,226169.7602
13167,43.3171,-76.0571,244530.953
13202,43.04356,-76.15065,384021.4619
13203,43.061,-76.13486,184325.7058
13204,43.05204,-76.17666,142054.9117
13205,43.00474,-76.14163,146021.2299
13206,43.07354,-76.10584,190608.0226
13207,43.01221,-76.16354,173506.2302
13208,43.07878,-76.14521,160980.7053
13209,43.08581,-76.24355,224201.7197
13210,43.03186,-76.12653,262131.5422
13211,43.10333,-76.11954,178354.2213
13212,43.12839,-76.12889,230281.5968
13214,43.03865,-76.0741,304921.696
13215,42.97852,-76.22979,370316.4839
13219,43.03969,-76.22277,250717.383
13224,43.03892,-76.10264,275498.1752
13244,43.02318,-76.12329,464567.0995565022
13290,43.07132,-76.17368,464567.0995565022
13301,43.42225,-75.21546,464567.0995565022
13302,43.50261,-75.95044,162693.39
13303,43.36992,-75.46636,262441.4316
13304,43.23954,-75.1589,279870.4449
13305,43.89329,-75.43144,464567.0995565022
13308,43.24865,-75.66686,218568.8552
13309,43.47398,-75.34103,197132.9918
13310,42.89055,-75.57065,197955.4237
13312,43.70247,-75.20758,464567.0995565022
13313,42.88715,-75.26228,174041.9747
13314,42.82476,-75.31568,138695.5878
13315,42.7438,-75.1385,191640.5457
13316,43.41492,-75.73963,189825.0205
13317,42.85638,-74.58844,174990.2334
13318,42.92366,-75.25958,241050.2888
13319,43.02705,-75.26593,182848.2199
13320,42.77353,-74.74325,186619.6309
13321,43.08901,-75.37259,191113.1015
13322,42.96661,-75.20445,231547.6798
13323,43.04198,-75.38144,298777.624
13324,43.3165,-74.93325,167425.2499
13325,43.58398,-75.54091,167719.8242
13326,42.71865,-74.90374,381607.2206
13327,43.96047,-75.28474,193487.1515
13328,42.98247,-75.42836,267001.5598
13329,43.11094,-74.70017,144398.0237
13331,43.81706,-74.97284,396146.7451
13332,42.75831,-75.57452,172199.1864
13333,42.83091,-74.82207,464567.0995565022
13334,42.83445,-75.65986,215900.006
13335,42.70193,-75.24847,182363.3675
13337,42.75114,-74.9816,319108.3279
13338,43.49706,-74.97833,201856.6152
13339,42.93995,-74.66631,166425.6523
13340,43.04814,-75.11502,209541.1389
13342,42.64766,-75.18918,464567.0995565022
13343,43.75271,-75.31062,177457.062
13345,43.6889,-75.33153,220328.2567
13346,42.82093,-75.54453,307850.1602
13348,42.70202,-75.06398,229459.4074
13350,43.06352,-74.98817,156183.5545
13352,43.31122,-75.12058,464567.0995565022
13353,43.47123,-74.72732,464567.0995565022
13354,43.26612,-75.27199,265211.5673
13355,42.80971,-75.42401,235201.053
13357,42.96952,-75.08037,149491.3346
13360,43.72457,-74.73577,449940.3268
13361,42.89807,-74.86256,207957.1391
13363,43.33127,-75.50984,261533.584
13364,42.80501,-75.26105,464567.0995565022
13365,43.09804,-74.84937,158475.8509
13367,43.85563,-75.31772,198067.831
13368,43.6446,-75.33209,157684.8298
13402,42.90209,-75.50728,208154.1787
13403,43.17041,-75.27188,286301.4233
13404,43.73842,-75.48089,464567.0995565022
13406,43.14326,-74.92257,176336.2956
13407,42.9677,-74.94087,165862.9637
13408,42.92205,-75.66722,223888.161
13409,42.97602,-75.59131,195866.3773
13410,42.92908,-74.60922,145037.515
13411,42.63723,-75.30981,144825.3868
13413,43.0576,-75.27495,300380.643
13415,42.59714,-75.19729,464567.0995565022
13416,43.18768,-74.9571,213816.0982
13417,43.10002,-75.29399,225341.0157
13418,42.84519,-75.38213,464567.0995565022
13420,43.65069,-74.9619,501495.8425
13421,43.06293,-75.64654,203132.0026
13424,43.15228,-75.36291,240259.0448
13425,42.9635,-75.48675,196115.3426
13428,42.92096,-74.53311,191923.5917
13431,43.20691,-75.07608,244937.8925
13433,43.59914,-75.24765,147059.0115
13435,43.30255,-75.15134,173742.2161
13436,43.80501,-74.67034,376510.3496
13437,43.59677,-75.80383,128002.0172
13438,43.35171,-75.15527,226764.2623
13439,42.85491,-74.99724,211336.0082
13440,43.21807,-75.45941,201062.1255
13441,43.22711,-75.40758,464567.0995565022
13450,42.7026,-74.81263,173359.9418
13452,43.03718,-74.63001,136974.9335
13454,43.16885,-74.75719,166376.1859
13455,42.91791,-75.37655,464567.0995565022
13456,43.00145,-75.25855,280644.1749
13457,42.77527,-75.03691,464567.0995565022
13459,42.77721,-74.59315,222522.4241
13460,42.68492,-75.45572,162990.7769
13461,43.07115,-75.59866,246457.7797
13464,42.68632,-75.61998,131983.1247
13468,42.84696,-74.86448,201821.158
13469,43.22028,-75.29853,245801.3827
13470,43.21075,-74.66825,200622.5526
13471,43.37606,-75.6122,168472.9918
13472,43.69491,-75.06072,400095.2846
13473,43.64414,-75.44517,183256.0237
13475,42.88789,-74.81196,464567.0995565022
13476,43.08728,-75.51219,244667.6702
13477,43.03633,-75.51441,245830.9445
13478,43.14916,-75.58009,226412.1136
13480,42.91424,-75.36699,210577.8327
13482,42.69661,-75.17695,464567.0995565022
13483,43.40075,-75.81995,464567.0995565022
13484,42.85426,-75.65549,464567.0995565022
13485,42.7865,-75.3165,184674.1688
13486,43.35707,-75.34088,200779.6992
13488,42.67447,-74.76796,464567.0995565022
13489,43.46698,-75.52928,189728.6701
13490,43.10612,-75.42991,247360.3581
13491,42.85957,-75.17698,197939.751
13492,43.1172,-75.33023,254564.4653
13493,43.43162,-75.90102,157784.0459
13494,43.53136,-75.14198,271113.9997
13495,43.11087,-75.27744,192072.1555
13501,43.08138,-75.22611,201078.9035
13502,43.14121,-75.16584,196602.5647
13601,43.96949,-75.90965,195283.7252
13602,44.04877,-75.75747,464567.0995565022
13603,44.03826,-75.79765,464567.0995565022
13605,43.80641,-76.05195,209568.9893
13606,43.87007,-76.01601,217940.9306
13607,44.33233,-75.91187,239648.1384
13608,44.23879,-75.62508,161651.2718
13611,43.77726,-76.12374,464567.0995565022
13612,43.98571,-75.76911,234285.8058
13613,44.85884,-74.73879,132058.37
13614,44.53081,-75.69194,464567.0995565022
13615,44.00569,-75.98328,205848.2623
13616,44.02538,-75.85896,211614.362
13617,44.5789,-75.14668,185026.8929
13618,44.11641,-76.27851,232588.8071
13619,43.97705,-75.59432,194860.9469
13620,43.89989,-75.45265,204689.8809
13621,44.8452,-75.06596,124222.5737
13622,44.09654,-76.115,237161.5857
13623,44.44877,-75.75299,464567.0995565022
13624,44.22284,-76.09736,308089.9075
13625,44.5384,-74.92135,183810.762
13626,43.85143,-75.7202,197349.9184
13628,44.03764,-75.68307,464567.0995565022
13630,44.49742,-75.31756,149596.6341
13632,44.12698,-76.06826,464567.0995565022
13633,44.48259,-75.48825,464567.0995565022
13634,44.01197,-76.07034,227735.1754
13635,44.29915,-75.26188,94587.01317
13636,43.74107,-76.12762,464567.0995565022
13637,44.09751,-75.83346,244430.2829
13638,44.02077,-75.75443,174092.3598
13639,44.2594,-75.14324,464567.0995565022
13640,44.3198,-75.99937,437208.2394
13641,44.27341,-76.00573,464567.0995565022
13642,44.3263,-75.46742,126184.0998
13643,44.03207,-75.71738,464567.0995565022
13645,44.30878,-75.44655,464567.0995565022
13646,44.44144,-75.69379,170712.9044
13647,44.6017,-74.99264,464567.0995565022
13648,44.14977,-75.29908,144695.2547
13649,44.91246,-74.69983,464567.0995565022
13650,43.80742,-76.20629,257319.5678
13651,43.86513,-76.18125,464567.0995565022
13652,44.43579,-75.21338,122160.2958
13654,44.56654,-75.46067,141557.6237
13655,44.97865,-74.64781,464567.0995565022
13656,44.19141,-75.95058,195025.3137
13658,44.73979,-75.27756,160199.952
13659,43.73783,-75.8707,156371.67
13660,44.77727,-75.15764,148159.5232
13661,43.70924,-76.1054,209605.4978
13662,44.9378,-74.89383,117076.9623
13664,44.58423,-75.64537,149313.5853
13665,44.05227,-75.44933,155972.0634
13666,44.21404,-74.95557,48868.59213
13667,44.83768,-74.96149,115939.2032
13668,44.75432,-74.98764,135077.086
13669,44.65004,-75.49861,111911.6347
13670,44.18264,-75.11635,94910.84697
13672,44.48166,-74.67987,123280.5291
13673,44.17105,-75.72133,188338.9539
13674,43.73763,-76.05192,464567.0995565022
13675,44.28227,-75.83872,464567.0995565022
13676,44.65178,-74.91377,173597.6572
13678,44.83165,-74.96775,464567.0995565022
13679,44.32664,-75.76554,207536.2399
13680,44.59416,-75.32814,123691.421
13681,44.42933,-75.37142,128234.8004
13682,43.84024,-75.88924,227530.6452
13683,44.97395,-74.73543,464567.0995565022
13684,44.36577,-75.0464,118655.3934
13685,43.93343,-76.09399,280944.5405
13687,44.44744,-74.82516,155546.8561
13690,44.12612,-75.02319,90802.65456
13691,44.22747,-75.78208,200063.0952
13692,44.28861,-76.0258,464567.0995565022
13693,44.03237,-76.24824,237835.7938
13694,44.8575,-75.1645,180967.2886
13695,44.10505,-74.92872,464567.0995565022
13696,44.70425,-74.88971,464567.0995565022
13697,44.74841,-74.80656,139032.4808
13699,44.66372,-74.99851,464567.0995565022
13730,42.23201,-75.53127,160595.3553
13731,42.13059,-74.7882,356562.1435
13732,42.04396,-76.16772,220524.1467
13733,42.30459,-75.4793,159175.3598
13734,42.07752,-76.40864,186588.4057
13736,42.31722,-76.19389,180850.0293
13738,42.56236,-76.11986,464567.0995565022
13739,42.36614,-74.78982,254168.0502
13740,42.27535,-74.74498,373050.6772
13743,42.21706,-76.33898,185867.2656
13744,42.24078,-75.90629,191249.2942
13746,42.26868,-75.82085,181671.1072
13747,42.49003,-74.98209,464567.0995565022
13748,42.03428,-75.81727,182479.3633
13750,42.47739,-74.83904,198524.4547
13751,42.45745,-74.88363,464567.0995565022
13752,42.17257,-74.90379,286533.641
13753,42.30873,-74.92538,277113.5298
13754,42.09387,-75.43625,175255.6939
13755,42.05976,-75.01524,186715.6859
13756,42.01025,-75.10394,206340.1917
13757,42.40915,-74.89321,274915.9016
13760,42.13425,-76.08354,198045.4248
13774,41.96192,-75.17283,464567.0995565022
13775,42.33706,-75.14728,256615.3428
13776,42.47023,-75.33458,183355.5666
13777,42.25894,-75.9866,197859.6625
13778,42.34795,-75.75977,181661.3966
13780,42.42496,-75.48128,157431.24
13782,42.17304,-74.9836,254986.7991
13783,41.99037,-75.26764,180739.3888
13784,42.43542,-76.2177,146273.3142
13786,42.4485,-74.69563,235870.3637
13787,42.20606,-75.66334,179543.887
13788,42.34914,-74.65658,242340.0017
13790,42.16937,-75.99796,155322.3373
13795,42.05844,-75.77419,176894.8372
13796,42.5513,-75.13644,201651.7662
13797,42.32765,-76.04389,178512.6398
13801,42.50327,-75.78028,126445.4079
13802,42.25164,-76.04207,193256.3224
13803,42.45787,-76.06028,191474.0036
13804,42.20708,-75.37562,186285.3495
13806,42.37894,-74.97315,464567.0995565022
13807,42.61718,-74.98612,220000.6608
13808,42.52797,-75.25657,183247.2028
13809,42.40849,-75.3914,147284.853
13810,42.61188,-75.11157,200008.2726
13811,42.23099,-76.17481,182921.73
13812,42.02993,-76.35461,164912.9794
13813,42.16808,-75.54266,184156.257
13814,42.61655,-75.52584,464567.0995565022
13815,42.54712,-75.53413,144555.8107
13820,42.47204,-75.03893,215028.7127
13825,42.44329,-75.20154,211823.8372
13826,42.10517,-75.63701,464567.0995565022
13827,42.11178,-76.25216,193746.6145
13830,42.43868,-75.6295,132601.0983
13832,42.6531,-75.66286,142240.6309
13833,42.19829,-75.76432,191797.1814
13834,42.54903,-74.96727,464567.0995565022
13835,42.38906,-76.16939,166710.6042
13838,42.28423,-75.39595,147744.8775
13839,42.24824,-75.26007,191637.3429
13841,42.41408,-75.84171,138886.6821
13842,42.37922,-74.72302,276782.54
13843,42.53468,-75.37584,170574.3685
13844,42.60927,-75.68083,141448.1608
13846,42.36037,-75.05465,247179.7528
13847,42.20443,-75.27777,464567.0995565022
13849,42.33785,-75.31392,168491.8346
13850,42.04873,-76.02663,241215.0475
13856,42.16666,-75.16633,192612.4415
13859,42.37123,-75.24916,464567.0995565022
13860,42.45573,-74.94989,464567.0995565022
13861,42.5048,-75.14156,213442.9042
13862,42.3369,-75.9372,186349.554
13863,42.44164,-75.904,137121.3147
13864,42.29095,-76.39225,179296.9585
13865,42.06282,-75.62879,175872.486
13901,42.18253,-75.88048,191222.2928
13902,42.08895,-75.96891,464567.0995565022
13903,42.04749,-75.89573,179300.3665
13904,42.13072,-75.81587,153694.3231
13905,42.18086,-75.94476,184580.8776
14001,43.03149,-78.51154,305383.9115
14004,42.89487,-78.51008,321879.0965
14005,42.91788,-78.24703,235893.9542
14006,42.63366,-79.02056,214491.3089
14008,43.30792,-78.62728,242117.8276
14009,42.57542,-78.39241,208510.7823
14011,42.83158,-78.29784,221852.3672
14012,43.33431,-78.52572,231348.5209
14013,43.07639,-78.39704,200449.3045
14020,42.99513,-78.21508,196521.4208
14024,42.58111,-78.24431,188859.8397
14025,42.6232,-78.72609,340257.8184
14026,42.94212,-78.68794,315980.9315
14027,42.59408,-79.02067,464567.0995565022
14028,43.31498,-78.71664,254094.245
14029,42.47293,-78.26346,464567.0995565022
14030,42.56518,-78.50052,248377.2557
14031,42.98661,-78.60908,503547.5263
14032,43.04587,-78.63189,573257.9299
14033,42.65865,-78.68436,366228.7626
14034,42.4985,-78.86238,211656.2491
14035,42.49099,-78.85936,464567.0995565022
14036,42.97447,-78.38712,262987.3142
14037,42.80637,-78.45448,287313.0336
14039,42.83593,-78.17101,464567.0995565022
14040,42.88809,-78.37847,293405.1732
14041,42.4059,-78.97699,464567.0995565022
14042,42.46882,-78.48377,191066.5524
14043,42.90142,-78.70431,264345.524
14047,42.68579,-78.99328,247413.3424
14048,42.48087,-79.31128,131513.864
14051,43.04168,-78.69927,518227.5712
14052,42.77054,-78.58084,426966.0344
14054,42.90606,-78.1312,222713.6094
14055,42.5536,-78.60121,307884.4821
14056,42.99183,-78.30663,464567.0995565022
14057,42.64587,-78.87542,320781.4544
14058,43.10167,-78.16211,192827.1264
14059,42.83241,-78.63678,412591.1452
14060,42.43986,-78.30884,146625.0645
14061,42.59111,-79.08949,464567.0995565022
14062,42.44364,-79.14897,195855.6521
14063,42.41451,-79.32518,209146.6045
14065,42.48741,-78.31158,187712.4734
14066,42.62381,-78.18051,161991.3267
14067,43.21565,-78.56644,241292.1641
14068,43.02696,-78.75808,448964.1368
14069,42.59984,-78.62984,301292.1917
14070,42.43673,-78.92798,153241.5186
14072,43.01673,-78.96308,383992.38
14075,42.71297,-78.82985,327680.9094
14080,42.64289,-78.54886,322067.7449
14081,42.56332,-79.06528,226660.7242
14082,42.65689,-78.38435,258294.1403
14083,42.67921,-78.43446,464567.0995565022
14085,42.71494,-78.92691,364113.4964
14086,42.90661,-78.6291,374431.302
14091,42.54224,-78.88868,271966.3167
14092,43.17314,-78.99521,341635.2524
14094,43.15989,-78.70032,256752.231
14098,43.33464,-78.37827,197053.5489
14101,42.3863,-78.54292,196585.4736
14102,42.84272,-78.55481,376997.0989
14103,43.2125,-78.37696,167866.2612
14105,43.19043,-78.4813,203031.2369
14108,43.26365,-78.7274,228593.2908
14109,43.13718,-79.03516,464567.0995565022
14111,42.58206,-78.89803,242880.6233
14112,42.6981,-78.9395,464567.0995565022
14113,42.66813,-78.33624,227960.1153
14120,43.07337,-78.83585,277183.2973
14125,43.08773,-78.28207,176271.8001
14126,43.33529,-78.72335,173928.317
14127,42.75204,-78.74402,420904.4566
14129,42.4805,-79.0092,183663.8864
14130,42.55318,-78.14959,464567.0995565022
14131,43.23556,-78.89935,281577.8394
14132,43.14787,-78.87856,313251.1537
14134,42.53057,-78.51738,253551.5307
14135,42.48489,-79.2437,464567.0995565022
14136,42.52387,-79.16935,189518.5423
14138,42.37497,-79.05376,141071.1346
14139,42.71723,-78.53606,354331.4065
14141,42.52366,-78.7109,258339.1156
14143,42.97547,-78.0759,225929.9552
14145,42.73154,-78.43205,250274.0358
14150,42.99794,-78.87815,256985.9396
14166,42.45088,-79.41592,464567.0995565022
14167,42.74327,-78.32629,223772.8205
14168,42.51187,-78.98745,464567.0995565022
14169,42.76446,-78.52938,464567.0995565022
14170,42.70115,-78.67294,374792.9913
14171,42.42491,-78.64286,215664.9992
14172,43.28201,-78.81757,262739.1746
14173,42.52594,-78.47306,174119.171
14174,43.24178,-79.00548,331770.6166
14201,42.89706,-78.88752,314729.4346
14202,42.88798,-78.88358,581582.6181
14203,42.86244,-78.86507,464567.0995565022
14204,42.882,-78.8614,178234.8119
14206,42.88078,-78.81018,175545.7963
14207,42.95201,-78.89824,159421.9255
14208,42.9146,-78.85146,149200.402
14209,42.91365,-78.86622,329341.9289
14210,42.86407,-78.82811,180011.2181
14211,42.90813,-78.81883,112430.8472
14212,42.89438,-78.81957,154003.596
14213,42.91762,-78.89099,201215.1658
14214,42.93936,-78.84101,289491.975
14215,42.93451,-78.81023,145163.151
14216,42.94855,-78.862,336763.8369
14217,42.97189,-78.87674,259944.9407
14218,42.81921,-78.82772,215187.3609
14219,42.78903,-78.82694,251543.0218
14220,42.84571,-78.82264,237981.8604
14221,42.97918,-78.72158,411080.65
14222,42.92002,-78.8771,532555.3881
14223,42.97348,-78.84612,268629.4825
14224,42.83767,-78.74771,288464.1225
14225,42.92879,-78.752,232579.5905
14226,42.97078,-78.79844,314346.1481
14227,42.88402,-78.74665,261389.0297
14228,43.04214,-78.7798,348582.708
14260,43.00165,-78.79066,464567.0995565022
14261,43.00188,-78.7848,464567.0995565022
14301,43.09701,-79.03726,108313.5401
14302,43.0939,-79.04919,464567.0995565022
14303,43.08428,-79.03908,104911.4573
14304,43.10197,-78.95282,202002.2234
14305,43.1199,-79.02265,143645.6914
14411,43.23456,-78.21349,171559.2191
14413,43.2229,-76.97067,464567.0995565022
14414,42.89358,-77.73501,272197.0306
14415,42.7559,-77.01643,464567.0995565022
14416,43.08003,-77.97849,244666.1041
14418,42.60717,-77.21681,308039.4841
14420,43.21385,-77.93305,269205.5336
14422,43.08357,-78.06704,198754.4168
14423,42.94382,-77.82788,238015.0749
14424,42.84649,-77.3104,356092.9867
14425,42.98962,-77.33734,322182.7848
14427,42.61828,-78.05442,176579.4443
14428,43.08029,-77.85963,319501.179
14432,42.95696,-77.14333,243517.9868
14433,43.07939,-76.87779,148759.1887
14435,42.71496,-77.66721,305056.6585
14437,42.57072,-77.73435,170354.7799
14441,42.68608,-76.95756,239879.7011
14445,43.11312,-77.48978,231155.7889
14450,43.0921,-77.41623,395386.5455
14453,43.01602,-77.47338,464567.0995565022
14454,42.79731,-77.76879,313809.1719
14456,42.84584,-77.00012,217709.371
14462,42.68652,-77.75112,224366.6792
14463,42.79539,-77.0689,464567.0995565022
14464,43.32659,-77.9374,242984.4562
14466,42.77773,-77.5842,276927.898
14467,43.04119,-77.60996,299664.0256
14468,43.29242,-77.80542,300051.9164
14469,42.87778,-77.46735,313993.6473
14470,43.21099,-78.05456,209712.2423
14471,42.75308,-77.49425,315212.6768
14472,42.96589,-77.58173,446225.2575
14475,42.93683,-77.49787,461127.4274
14476,43.32946,-78.04226,234352.0424
14477,43.33353,-78.13415,231158.5983
14478,42.58011,-77.12791,530940.485
14479,43.23768,-78.31008,464567.0995565022
14480,42.83809,-77.70736,361639.5165
14481,42.77173,-77.91643,217906.3696
14482,42.97457,-77.97014,223297.8534
14485,42.88016,-77.60131,286262.3361
14486,42.89293,-77.92295,242094.2014
14487,42.81174,-77.63873,302668.5784
14489,43.09008,-76.99238,162576.5659
14502,43.09532,-77.33598,320443.347
14504,42.96839,-77.2327,185134.5571
14505,43.15846,-77.17503,236695.928
14506,43.0012,-77.50508,467583.0578
14507,42.69635,-77.27373,282661.1176
14510,42.69485,-77.87167,159671.273
14511,42.99603,-77.87762,214429.9059
14512,42.64411,-77.39296,271709.6806
14513,43.07204,-77.0961,196983.3295
14514,43.08597,-77.80303,328318.7992
14515,43.25287,-77.73175,464567.0995565022
14516,43.19855,-76.91153,201567.5992
14517,42.59217,-77.8971,178956.3343
14519,43.23184,-77.31389,333037.3817
14521,42.67639,-76.80876,256345.2713
14522,43.05911,-77.22152,228927.725
14525,42.87242,-78.01471,227769.0771
14526,43.15129,-77.44806,387025.3296
14527,42.66764,-77.06473,321831.0252
14529,42.53748,-77.64418,464567.0995565022
14530,42.73446,-78.00276,155550.0367
14532,42.96462,-77.02601,230850.3259
14533,42.84632,-77.88468,230990.1515
14534,43.0564,-77.52083,504318.175
14536,42.53958,-78.08358,135140.0904
14537,43.03539,-77.15604,193640.6821
14539,42.83418,-77.87521,464567.0995565022
14541,42.75704,-76.84403,353742.8893
14542,43.15306,-76.87595,464567.0995565022
14543,42.98777,-77.67747,362466.4786
14544,42.75562,-77.23958,354737.3347
14545,42.66166,-77.71056,464567.0995565022
14546,43.0296,-77.77372,264015.0333
14548,42.97538,-77.24341,238245.1109
14549,42.69667,-78.02212,464567.0995565022
14550,42.67757,-78.09166,161467.811
14551,43.21886,-77.04596,177430.4231
14555,43.25946,-76.98665,273876.3698
14556,42.67906,-77.83222,464567.0995565022
14557,43.04807,-78.06126,464567.0995565022
14559,43.18823,-77.81778,311978.7263
14560,42.68716,-77.57691,211634.5624
14561,42.82218,-77.13131,251726.6765
14564,42.98329,-77.42417,487437.7951
14568,43.14657,-77.28365,285348.8759
14569,42.74012,-78.17269,179211.5895
14571,43.34397,-78.24894,195322.9374
14572,42.5669,-77.57017,159038.2697
14580,43.21883,-77.44561,383494.5586
14585,42.90587,-77.55301,464567.0995565022
14586,43.04151,-77.68693,354186.688
14588,42.67973,-76.87047,464567.0995565022
14589,43.23997,-77.17224,238465.2523
14590,43.24533,-76.83099,203808.1892
14591,42.82865,-78.09364,207762.513
14592,42.86875,-77.89066,215174.4085
14604,43.1569,-77.60536,464567.0995565022
14605,43.16838,-77.60177,90625.60103
14606,43.17069,-77.69933,207882.9295
14607,43.15099,-77.58682,353000.0582
14608,43.15335,-77.62362,118752.2529
14609,43.17731,-77.55234,204795.2376
14610,43.14196,-77.5463,334241.7892
14611,43.14756,-77.64731,115244.1759
14612,43.26513,-77.67654,277266.5163
14613,43.1822,-77.64068,136062.2686
14614,43.1574,-77.61473,464567.0995565022
14615,43.20337,-77.65637,187089.8635
14616,43.23431,-77.65822,212462.4968
14617,43.22488,-77.59323,258915.131
14618,43.11305,-77.55547,402898.052
14619,43.1361,-77.649,163281.7312
14620,43.12878,-77.60463,279180.5004
14621,43.18911,-77.60408,107878.8919
14622,43.21389,-77.55359,235393.0433
14623,43.08798,-77.64314,252339.294
14624,43.12765,-77.7317,262622.6452
14625,43.14891,-77.50551,365921.4302
14626,43.21348,-77.71272,275987.4542
14627,43.12931,-77.62912,464567.0995565022
14642,43.12281,-77.62508,464567.0995565022
14701,42.08091,-79.25502,121021.9212
14706,42.10663,-78.52795,193654.404
14707,42.08256,-78.06196,464567.0995565022
14708,42.01424,-78.06988,464567.0995565022
14709,42.35279,-77.98267,127971.7598
14710,42.08957,-79.42306,241869.5864
14711,42.32088,-78.12625,121247.6966
14712,42.18163,-79.36812,337674.615
14714,42.28368,-78.23493,143897.1011
14715,42.07323,-78.14832,96329.58402
14716,42.38056,-79.43406,154687.7501
14717,42.36258,-78.18235,189843.5413
14718,42.34417,-79.28813,178367.0999
14719,42.34323,-78.87198,154804.3212
14720,42.10857,-79.27997,100595.9468
14721,42.01645,-78.26801,464567.0995565022
14722,42.20961,-79.46882,568215.3224
14723,42.3101,-79.13489,157624.8212
14724,42.05272,-79.67031,231178.0751
14726,42.25255,-79.02221,140490.9422
14727,42.2129,-78.29358,144436.4699
14728,42.2648,-79.41689,262727.3826
14729,42.40404,-78.73628,204168.1001
14731,42.30063,-78.65092,404303.2199
14732,42.2188,-79.10696,464567.0995565022
14733,42.14996,-79.17499,138159.8847
14735,42.45027,-78.09681,138212.5501
14736,42.13715,-79.74644,325561.5995
14737,42.33524,-78.42926,154520.6028
14738,42.04539,-79.05926,173284.4453
14739,42.1925,-78.14932,106465.5167
14740,42.21962,-79.18053,170984.3229
14741,42.21868,-78.5963,213658.881
14742,42.11934,-79.30878,214364.7039
14743,42.20532,-78.40631,142139.6736
14744,42.4219,-78.21516,195175.5653
14747,42.15346,-79.09061,156843.2733
14748,42.1392,-78.63636,127046.4037
14750,42.07939,-79.32752,217468.3021
14752,42.3517,-79.31965,71431.38522
14753,42.03899,-78.63516,106780.2284
14754,42.02385,-78.19799,128973.1225
14755,42.23477,-78.81398,166870.507
14756,42.19708,-79.42373,464567.0995565022
14757,42.23944,-79.50457,247506.931
14760,42.07098,-78.41421,116746.3121
14767,42.05344,-79.51583,186003.2837
14769,42.36885,-79.47413,169319.2229
14770,42.0468,-78.29963,137211.6932
14772,42.15383,-78.95086,149904.0582
14774,42.08875,-78.14658,464567.0995565022
14775,42.23198,-79.69532,142297.0262
14777,42.38999,-78.26167,180815.3103
14778,42.07759,-78.4827,464567.0995565022
14779,42.10703,-78.76977,101433.7135
14781,42.16402,-79.604,170714.2784
14782,42.2665,-79.2559,160689.1482
14783,42.06014,-78.91816,464567.0995565022
14784,42.31445,-79.38028,128375.4188
14785,42.15572,-79.40337,464567.0995565022
14787,42.31342,-79.5675,173283.4759
14788,42.06012,-78.37661,464567.0995565022
14801,42.09718,-77.28461,144144.0694
14802,42.2537,-77.78989,188313.8081
14803,42.25135,-77.78808,191116.3116
14804,42.31587,-77.8476,150829.1791
14805,42.3563,-76.72618,203539.6107
14806,42.15543,-77.78662,126739.0023
14807,42.41821,-77.71949,165476.9978
14808,42.55817,-77.46882,110855.0451
14809,42.41961,-77.44355,135884.0116
14810,42.34678,-77.34599,160724.6029
14812,42.29199,-76.99413,160939.8397
14813,42.24638,-77.99209,120614.24
14814,42.15525,-76.95148,254095.6219
14815,42.37335,-77.09463,252024.0472
14816,42.19728,-76.73161,178553.1984
14817,42.36295,-76.34548,273758.1869
14818,42.44878,-76.81688,279722.1291
14819,42.21924,-77.43466,145379.1691
14820,42.18629,-77.36258,161914.3654
14821,42.23541,-77.21623,175863.9067
14822,42.43522,-77.84702,107511.1871
14823,42.23984,-77.5722,130151.6611
14824,42.26875,-76.70881,154260.1182
14825,42.05564,-76.62116,157135.9524
14826,42.49354,-77.49335,147984.2666
14827,42.18069,-77.14292,464567.0995565022
14830,42.12927,-77.02783,178890.5061
14836,42.51526,-77.91526,157895.5429
14837,42.49919,-77.01668,282971.467
14838,42.18951,-76.66635,185929.8419
14839,42.13961,-77.64331,138244.808
14840,42.44119,-77.18758,322777.0438
14841,42.52699,-76.84249,325838.1764
14842,42.59666,-76.963,374464.3438
14843,42.32819,-77.64371,114860.3562
14845,42.20225,-76.8334,213088.7597
14846,42.5301,-78.00319,173055.1757
14847,42.6031,-76.74047,242849.4364
14850,42.43249,-76.49891,413100.0137
14853,42.44727,-76.48149,464567.0995565022
14854,42.51138,-76.60874,464567.0995565022
14855,42.13978,-77.50112,150520.1917
14856,42.37737,-77.36944,464567.0995565022
14858,42.02909,-77.13315,195165.5603
14859,42.12118,-76.53985,178364.0431
14860,42.59099,-76.84201,294557.3726
14861,42.0914,-76.6888,164997.2989
14864,42.2804,-76.84205,162700.058
14865,42.35091,-76.83178,203295.2585
14867,42.34243,-76.61461,269171.9265
14869,42.36403,-76.77052,189976.0897
14870,42.16816,-77.13234,205266.8445
14871,42.03838,-76.91093,195417.6694
14872,42.24141,-76.86473,167671.3557
14873,42.52181,-77.29814,148715.5379
14874,42.53231,-77.17234,281917.6957
14877,42.06181,-77.68384,154196.684
14878,42.44946,-76.94401,268825.712
14879,42.31521,-77.19323,154938.0203
14880,42.17363,-77.97334,132866.774
14881,42.4017,-76.35795,464567.0995565022
14882,42.5801,-76.56576,354943.8036
14883,42.24056,-76.482,204673.5276
14884,42.47613,-77.88724,139310.0479
14885,42.048,-77.57117,181373.7384
14886,42.50408,-76.68836,327481.1348
14889,42.21605,-76.58138,173801.3234
14891,42.37823,-76.95035,226235.2901
14892,42.0478,-76.52804,159837.8711
14893,42.46952,-77.11182,464567.0995565022
14894,42.02442,-76.77185,154767.43
14895,42.07772,-77.93387,116003.3674
14897,42.02949,-77.79076,107081.6762
14898,42.05729,-77.43482,174764.0164
14901,42.07363,-76.74137,101825.9394
14903,42.12372,-76.87771,152407.0554
14904,42.07007,-76.80798,95560.71769
14905,42.08692,-76.84284,168769.2064
